INSERT INTO address (ID, ADDRESS, POSTALCODE)
VALUES (1, '서울 강남구 영동대로 735', '06072');
INSERT INTO address (ID, ADDRESS, POSTALCODE)
VALUES (2, '경기 성남시 분당구 성남대로 34 하나프라자 6층', '13637');
INSERT INTO address (ID, ADDRESS, POSTALCODE)
VALUES (3, '경기 성남시 분당구 정자일로 95', '13561');
INSERT INTO address (ID, ADDRESS, POSTALCODE)
VALUES (4, '제주특별자치도 제주시 첨단로 242', '63309');
INSERT INTO address (ID, ADDRESS, POSTALCODE)
VALUES (5, '서울특별시 송파구 송파대로 570', '05510');
INSERT INTO address (ID, ADDRESS, POSTALCODE)
VALUES (6, '서울 송파구 위례성대로 2', '05544');
INSERT INTO address (ID, ADDRESS, POSTALCODE)
VALUES (7, '서울특별시 구로구 디지털로 30길 28, 609호', '08389');
INSERT INTO address (ID, ADDRESS, POSTALCODE)
VALUES (8, '서울 강남구 테헤란로 142 12층', '06236');
INSERT INTO address (ID, ADDRESS, POSTALCODE)
VALUES (9, '서울시 송파구 올림픽로 35길 125 삼성SDS', '05510');
INSERT INTO address (ID, ADDRESS, POSTALCODE)
VALUES (10, '경기도 성남시 분당구 판교로256번길 7', '13487');
INSERT INTO address (ID, ADDRESS, POSTALCODE)
VALUES (11, '경기도 수원시 영통구 삼성로 129 삼성전자공업단지', '16677');
INSERT INTO address (ID, ADDRESS, POSTALCODE)
VALUES (12, '서울특별시 강남구 영동대로 735 골프존타워서울', '06072');
INSERT INTO address (ID, ADDRESS, POSTALCODE)
VALUES (13, '서울 강남구 영동대로141길 5', '06072');
INSERT INTO address (ID, ADDRESS, POSTALCODE)
VALUES (14, '대전 유성구 엑스포로97번길 40', '34125');
INSERT INTO address (ID, ADDRESS, POSTALCODE)
VALUES (15, '경기 성남시 분당구 성남대로 34 하나프라자 6층', '13637');
INSERT INTO address (ID, ADDRESS, POSTALCODE)
VALUES (16, '경기 성남시 분당구 정자일로 95', '13561');
INSERT INTO address (ID, ADDRESS, POSTALCODE)
VALUES (17, '경기 성남시 분당구 정자일로 95', '13561');
INSERT INTO address (ID, ADDRESS, POSTALCODE)
VALUES (18, '경기 성남시 분당구 판교역로 166', '13529');
INSERT INTO address (ID, ADDRESS, POSTALCODE)
VALUES (19, '제주 제주시 첨단로 216-19', '63309');
INSERT INTO address (ID, ADDRESS, POSTALCODE)
VALUES (20, '서울 송파구 송파대로 570 8~26층', '05510');
INSERT INTO address (ID, ADDRESS, POSTALCODE)
VALUES (21, '서울 송파구 위례성대로 2', '05544');
INSERT INTO address (ID, ADDRESS, POSTALCODE)
VALUES (22, '서울 송파구 올림픽로35다길 42', '05510');
INSERT INTO address (ID, ADDRESS, POSTALCODE)
VALUES (23, '서울 구로구 디지털로30길 28', '08389');
INSERT INTO address (ID, ADDRESS, POSTALCODE)
VALUES (24, '서울 강남구 테헤란로 142 12층', '06236');
INSERT INTO address (ID, ADDRESS, POSTALCODE)
VALUES (25, '서울 송파구 올림픽로35길 125 삼성SDS', '05510');
INSERT INTO address (ID, ADDRESS, POSTALCODE)
VALUES (26, '경기 성남시 분당구 판교로256번길 7', '13487');
INSERT INTO address (ID, ADDRESS, POSTALCODE)
VALUES (27, '경기 수원시 영통구 삼성로 129 삼성전자공업단지', '16677');


INSERT INTO company (ID, ADDRESS_ID, COMPANY_LOGINID, COMPANY_PW, COMPANY_NAME, COMPANY_TEL,
                     COMPANY_REGNUM, COMPANY_REPNAME)
VALUES (1, 1, 'golfzon1234', '$2a$10$jUT1ARxmm38KZ2NfNXbdM.uCaKx1OsbA6QcuzhbeLJQ2YaqeF592K', '(주) 골프존', '1577-4333',
        '0000-0000', '최덕형, 박강수');
INSERT INTO company (ID, ADDRESS_ID, COMPANY_LOGINID, COMPANY_PW, COMPANY_NAME, COMPANY_TEL,
                     COMPANY_REGNUM, COMPANY_REPNAME)
VALUES (2, 2, 'kosta1234', '$2a$10$9cV3Hrb6QQHyBs0bSBOdeeDDw8eORw1/na8F9i.tyWAzuyBEJ4RaG', '한국소프트웨어기술진흥협회',
        '031-606-9311', '1111-1111', '이단형, 박준성');
INSERT INTO company (ID, ADDRESS_ID, COMPANY_LOGINID, COMPANY_PW, COMPANY_NAME, COMPANY_TEL,
                     COMPANY_REGNUM, COMPANY_REPNAME)
VALUES (3, 3, 'naver1234', '$2a$10$D1sxdTxuaJuoxnNotsqAi.VxrkyVP6OeuXuzPRnlOn6Sos2HfYwsy', '네이버(주)', '1588-3830',
        '1234-1234', '최수연');
INSERT INTO company (ID, ADDRESS_ID, COMPANY_LOGINID, COMPANY_PW, COMPANY_NAME, COMPANY_TEL,
                     COMPANY_REGNUM, COMPANY_REPNAME)
VALUES (4, 4, 'kakao1234', '$2a$10$7pR73XX5lGyPq7.n.qdAseG2PxDrDXnYWCBFf10OZibUcgyp76zP.', '(주) 카카오', '1899-1326',
        '4321-4321', '홍은택');
INSERT INTO company (ID, ADDRESS_ID, COMPANY_LOGINID, COMPANY_PW, COMPANY_NAME, COMPANY_TEL,
                     COMPANY_REGNUM, COMPANY_REPNAME)
VALUES (5, 5, 'coupang1234', '$2a$10$4.o2.jZrgUIfXWu5U4NLS.d6PcEzNVycjrL3DAqzmHUE.zKVB71f2', '쿠팡(주)', '1577-7011',
        '7890-7890', '강한승, 박대준');
INSERT INTO company (ID, ADDRESS_ID, COMPANY_LOGINID, COMPANY_PW, COMPANY_NAME, COMPANY_TEL,
                     COMPANY_REGNUM, COMPANY_REPNAME)
VALUES (6, 6, 'baemin1234', '$2a$10$xagzKEOmhfQMlC72GrJeqenHN89j/4u1EnDVQrluGGlouvakn6eZO', '(주)우아한형제들', '1600-7001',
        '5678-5678', '김범준');
INSERT INTO company (ID, ADDRESS_ID, COMPANY_LOGINID, COMPANY_PW, COMPANY_NAME, COMPANY_TEL,
                     COMPANY_REGNUM, COMPANY_REPNAME)
VALUES (7, 7, 'dangguen1234', '$2a$10$bd6advMvkIvlG6l627gTTe4mzTxkv6WDKCUkoVZozJJw6UNxGHSEu', '(주) 당근마켓', '1544-9796',
        '375-87-00088', '김재현, 김용현');
INSERT INTO company (ID, ADDRESS_ID, COMPANY_LOGINID, COMPANY_PW, COMPANY_NAME, COMPANY_TEL,
                     COMPANY_REGNUM, COMPANY_REPNAME)
VALUES (8, 8, 'toss1234', '$2a$10$qCnbsgDb8JEIi4T80b5He.ezG5D76i545Ljs1p2xXizbQSjuiOhQO', '(주)비바리퍼블리카', '1599-4905',
        '120-88-01280', '이승건');
INSERT INTO company (ID, ADDRESS_ID, COMPANY_LOGINID, COMPANY_PW, COMPANY_NAME, COMPANY_TEL,
                     COMPANY_REGNUM, COMPANY_REPNAME)
VALUES (9, 9, 'sssds1234', '$2a$10$mqvuVmpJrdNryk6ViDdZNeIY9MfZar8N2dxSx9BdtsT4vxXfj5FuC', '삼성SDS', '02-6155-3114',
        '4589-2363', '황성우');
INSERT INTO company (ID, ADDRESS_ID, COMPANY_LOGINID, COMPANY_PW, COMPANY_NAME, COMPANY_TEL,
                     COMPANY_REGNUM, COMPANY_REPNAME)
VALUES (10, 10, 'nexon1234', '$2a$10$chjshceBJCr3DczRpt02OedLPeNmSpOyO47E96UvQ8Oio1fiJ6qsS', '(주)넥슨코리아', '1588-7701',
        '1234-5683', '이정헌');
INSERT INTO company (ID, ADDRESS_ID, COMPANY_LOGINID, COMPANY_PW, COMPANY_NAME, COMPANY_TEL,
                     COMPANY_REGNUM, COMPANY_REPNAME)
VALUES (11, 11, 'sssec1234', '$2a$10$U/khiDEcMvYhy925.Ik5ROW7sAY5SOHSjm3bkzZaFYgxYoU5yIRai', '삼성전자(주)', '02-2255-0114',
        '3847-8690', '한종희, 경계현');


INSERT INTO ratepoint (ID, RATINGPOINT)
VALUES (1, 3.9);
INSERT INTO ratepoint (ID, RATINGPOINT)
VALUES (2, 4);
INSERT INTO ratepoint (ID, RATINGPOINT)
VALUES (3, 3.5);
INSERT INTO ratepoint (ID, RATINGPOINT)
VALUES (4, 1);
INSERT INTO ratepoint (ID, RATINGPOINT)
VALUES (5, 4.7);
INSERT INTO ratepoint (ID, RATINGPOINT)
VALUES (6, 0);
INSERT INTO ratepoint (ID, RATINGPOINT)
VALUES (7, 5);
INSERT INTO ratepoint (ID, RATINGPOINT)
VALUES (8, 0);
INSERT INTO ratepoint (ID, RATINGPOINT)
VALUES (9, 0);
INSERT INTO ratepoint (ID, RATINGPOINT)
VALUES (10, 0);
INSERT INTO ratepoint (ID, RATINGPOINT)
VALUES (11, 0);
INSERT INTO ratepoint (ID, RATINGPOINT)
VALUES (12, 0);
INSERT INTO ratepoint (ID, RATINGPOINT)
VALUES (13, 0);
INSERT INTO ratepoint (ID, RATINGPOINT)
VALUES (14, 0);
INSERT INTO ratepoint (ID, RATINGPOINT)
VALUES (15, 0);
INSERT INTO ratepoint (ID, RATINGPOINT)
VALUES (16, 0);
INSERT INTO ratepoint (ID, RATINGPOINT)
VALUES (21, 0);
INSERT INTO ratepoint (ID, RATINGPOINT)
VALUES (22, 0);
INSERT INTO ratepoint (ID, RATINGPOINT)
VALUES (24, 0);
INSERT INTO ratepoint (ID, RATINGPOINT)
VALUES (25, 0);
INSERT INTO ratepoint (ID, RATINGPOINT)
VALUES (26, 0);

INSERT INTO place (ID, COMPANY_ID, ADDRESS_ID, RATEPOINT_ID, PLACE_NAME, PLACE_DESCRIPTION,
                   PLACE_OPENDAYS, PLACE_START, PLACE_END, PLACE_ADDINFO)
VALUES (1, 1, 12, 1, '골프존타워서울본관', '골프존타워서울본관입니다.', 'Mon, Tue, Wed, Thu, Fri', '08:00:00', '18:00:00',
        'Wifi, Coffee, Parking, Monitor');
INSERT INTO place (ID, COMPANY_ID, ADDRESS_ID, RATEPOINT_ID, PLACE_NAME, PLACE_DESCRIPTION,
                   PLACE_OPENDAYS, PLACE_START, PLACE_END, PLACE_ADDINFO)
VALUES (2, 1, 13, 2, '골프존타워서울R&D센터', '골프존타워서울R&D센터입니다.', 'Mon, Tue, Wed, Thu, Fri', '08:00:00', '18:00:00',
        'Wifi, Coffee, Parking, Monitor');
INSERT INTO place (ID, COMPANY_ID, ADDRESS_ID, RATEPOINT_ID, PLACE_NAME, PLACE_DESCRIPTION,
                   PLACE_OPENDAYS, PLACE_START, PLACE_END, PLACE_ADDINFO)
VALUES (3, 1, 14, 3, '골프존대전신사옥및골프복합문화센터', '골프존대전신사옥및골프복합문화센터입니다.', 'Mon, Tue, Wed, Thu, Fri', '08:00:00', '18:00:00',
        'Wifi, Coffee, Parking, Monitor');
INSERT INTO place (ID, COMPANY_ID, ADDRESS_ID, RATEPOINT_ID, PLACE_NAME, PLACE_DESCRIPTION,
                   PLACE_OPENDAYS, PLACE_START, PLACE_END, PLACE_ADDINFO)
VALUES (4, 2, 15, 4, 'KOSTA', '오리역 3번 출구 앞 하나프라자 6층에 위치하고 있습니다.', 'Mon, Tue, Wed, Thu, Fri', '08:30:00', '18:00:00',
        'Wifi');
INSERT INTO place (ID, COMPANY_ID, ADDRESS_ID, RATEPOINT_ID, PLACE_NAME, PLACE_DESCRIPTION,
                   PLACE_OPENDAYS, PLACE_START, PLACE_END, PLACE_ADDINFO)
VALUES (5, 3, 16, 5, 'NAVER', 'NAVER', 'Mon, Tue, Wed, Thu, Fri', '08:00:00', '18:00:00',
        'Wifi, Coffee, Parking, Monitor');
INSERT INTO place (ID, COMPANY_ID, ADDRESS_ID, RATEPOINT_ID, PLACE_NAME, PLACE_DESCRIPTION,
                   PLACE_OPENDAYS, PLACE_START, PLACE_END, PLACE_ADDINFO)
VALUES (6, 3, 17, 6, 'NAVER 1784', 'NAVER 1784', 'Mon, Tue, Wed, Thu, Fri, Sat, Sun', '00:00:00', '23:00:00',
        'Wifi, Coffee, Parking, Monitor');
INSERT INTO place (ID, COMPANY_ID, ADDRESS_ID, RATEPOINT_ID, PLACE_NAME, PLACE_DESCRIPTION,
                   PLACE_OPENDAYS, PLACE_START, PLACE_END, PLACE_ADDINFO)
VALUES (7, 4, 18, 7, '카카오 판교아지트', '카카오 판교아지트', 'Mon, Tue, Wed, Thu', '07:00:00', '17:00:00',
        'Wifi, Coffee, Parking, Monitor');
INSERT INTO place (ID, COMPANY_ID, ADDRESS_ID, RATEPOINT_ID, PLACE_NAME, PLACE_DESCRIPTION,
                   PLACE_OPENDAYS, PLACE_START, PLACE_END, PLACE_ADDINFO)
VALUES (8, 4, 19, 8, '카카오 스페이스닷투', '카카오 스페이스닷투', 'Mon, Tue, Wed, Thu, Fri', '09:00:00', '18:00:00',
        'Wifi, Coffee, Parking, Monitor');
INSERT INTO place (ID, COMPANY_ID, ADDRESS_ID, RATEPOINT_ID, PLACE_NAME, PLACE_DESCRIPTION,
                   PLACE_OPENDAYS, PLACE_START, PLACE_END, PLACE_ADDINFO)
VALUES (9, 5, 20, 9, '쿠팡', '쿠팡', 'Mon, Tue, Wed, Thu, Fri, Sat, Sun', '00:00:00', '23:00:00',
        'Wifi, Coffee, Parking, Monitor');
INSERT INTO place (ID, COMPANY_ID, ADDRESS_ID, RATEPOINT_ID, PLACE_NAME, PLACE_DESCRIPTION,
                   PLACE_OPENDAYS, PLACE_START, PLACE_END, PLACE_ADDINFO)
VALUES (10, 6, 21, 10, '우아한형제들', '우아한형제들', 'Mon, Tue, Wed, Thu, Fri, Sat, Sun', '08:00:00', '23:00:00',
        'Wifi, Coffee, Parking, Monitor');
INSERT INTO place (ID, COMPANY_ID, ADDRESS_ID, RATEPOINT_ID, PLACE_NAME, PLACE_DESCRIPTION,
                   PLACE_OPENDAYS, PLACE_START, PLACE_END, PLACE_ADDINFO)
VALUES (11, 6, 22, 11, '우아한테크코스', '우아한테크코스', 'Mon, Tue, Wed, Thu, Fri', '08:00:00', '22:00:00',
        'Wifi, Coffee, Parking, Monitor');
INSERT INTO place (ID, COMPANY_ID, ADDRESS_ID, RATEPOINT_ID, PLACE_NAME, PLACE_DESCRIPTION,
                   PLACE_OPENDAYS, PLACE_START, PLACE_END, PLACE_ADDINFO)
VALUES (12, 7, 23, 12, '당근마켓', '당근마켓', 'Mon, Tue, Wed, Thu, Fri, Sat, Sun', '01:00:00', '19:00:00',
        'Wifi, Coffee, Parking, Monitor');
INSERT INTO place (ID, COMPANY_ID, ADDRESS_ID, RATEPOINT_ID, PLACE_NAME, PLACE_DESCRIPTION,
                   PLACE_OPENDAYS, PLACE_START, PLACE_END, PLACE_ADDINFO)
VALUES (13, 8, 24, 13, '토스', '토스', 'Mon, Tue, Wed, Thu, Fri, Sat, Sun', '01:00:00', '23:00:00',
        'Wifi, Coffee, Parking, Monitor');
INSERT INTO place (ID, COMPANY_ID, ADDRESS_ID, RATEPOINT_ID, PLACE_NAME, PLACE_DESCRIPTION,
                   PLACE_OPENDAYS, PLACE_START, PLACE_END, PLACE_ADDINFO)
VALUES (14, 9, 25, 14, '삼성SDS', '삼성SDS', 'Mon, Tue, Wed, Thu', '09:00:00', '18:00:00',
        'Wifi, Coffee, Parking, Monitor');
INSERT INTO place (ID, COMPANY_ID, ADDRESS_ID, RATEPOINT_ID, PLACE_NAME, PLACE_DESCRIPTION,
                   PLACE_OPENDAYS, PLACE_START, PLACE_END, PLACE_ADDINFO)
VALUES (15, 10, 26, 15, '넥슨코리아', '넥슨코리아', 'Mon, Tue, Wed, Thu, Fri, Sat, Sun', '09:00:00', '20:00:00',
        'Wifi, Coffee, Parking, Monitor');
INSERT INTO place (ID, COMPANY_ID, ADDRESS_ID, RATEPOINT_ID, PLACE_NAME, PLACE_DESCRIPTION,
                   PLACE_OPENDAYS, PLACE_START, PLACE_END, PLACE_ADDINFO)
VALUES (16, 11, 27, 16, '삼성전자', '삼성전자', 'Mon, Tue, Wed, Thu, Fri, Sat, Sun', '09:00:00', '18:00:00',
        'Wifi, Coffee, Parking, Monitor');

INSERT INTO room_kind (ID, ROOM_TYPE, PRICE)
VALUES (1, 'DESK', '10000');
INSERT INTO room_kind (ID, ROOM_TYPE, PRICE)
VALUES (2, 'MEETINGROOM4', '20000');
INSERT INTO room_kind (ID, ROOM_TYPE, PRICE)
VALUES (3, 'MEETINGROOM6', '30000');
INSERT INTO room_kind (ID, ROOM_TYPE, PRICE)
VALUES (4, 'MEETINGROOM10', '50000');
INSERT INTO room_kind (ID, ROOM_TYPE, PRICE)
VALUES (5, 'MEETINGROOM20', '100000');
INSERT INTO room_kind (ID, ROOM_TYPE, PRICE)
VALUES (6, 'OFFICE20', '100000');
INSERT INTO room_kind (ID, ROOM_TYPE, PRICE)
VALUES (7, 'OFFICE40', '200000');
INSERT INTO room_kind (ID, ROOM_TYPE, PRICE)
VALUES (8, 'OFFICE70', '300000');
INSERT INTO room_kind (ID, ROOM_TYPE, PRICE)
VALUES (9, 'OFFICE100', '500000');

INSERT INTO room (ID, ROOM_KIND_ID, PLACE_ID)
VALUES (1, 1, 1);
INSERT INTO room (ID, ROOM_KIND_ID, PLACE_ID)
VALUES (2, 2, 1);
INSERT INTO room (ID, ROOM_KIND_ID, PLACE_ID)
VALUES (3, 3, 1);
INSERT INTO room (ID, ROOM_KIND_ID, PLACE_ID)
VALUES (4, 4, 1);
INSERT INTO room (ID, ROOM_KIND_ID, PLACE_ID)
VALUES (5, 5, 1);
INSERT INTO room (ID, ROOM_KIND_ID, PLACE_ID)
VALUES (6, 6, 1);
INSERT INTO room (ID, ROOM_KIND_ID, PLACE_ID)
VALUES (7, 7, 1);
INSERT INTO room (ID, ROOM_KIND_ID, PLACE_ID)
VALUES (8, 8, 1);
INSERT INTO room (ID, ROOM_KIND_ID, PLACE_ID)
VALUES (9, 9, 1);
INSERT INTO room (ID, ROOM_KIND_ID, PLACE_ID)
VALUES (10, 1, 2);
INSERT INTO room (ID, ROOM_KIND_ID, PLACE_ID)
VALUES (11, 1, 2);
INSERT INTO room (ID, ROOM_KIND_ID, PLACE_ID)
VALUES (12, 2, 2);
INSERT INTO room (ID, ROOM_KIND_ID, PLACE_ID)
VALUES (13, 2, 2);
INSERT INTO room (ID, ROOM_KIND_ID, PLACE_ID)
VALUES (14, 3, 2);
INSERT INTO room (ID, ROOM_KIND_ID, PLACE_ID)
VALUES (15, 3, 2);
INSERT INTO room (ID, ROOM_KIND_ID, PLACE_ID)
VALUES (16, 4, 2);
INSERT INTO room (ID, ROOM_KIND_ID, PLACE_ID)
VALUES (17, 4, 2);
INSERT INTO room (ID, ROOM_KIND_ID, PLACE_ID)
VALUES (18, 5, 2);
INSERT INTO room (ID, ROOM_KIND_ID, PLACE_ID)
VALUES (19, 5, 2);
INSERT INTO room (ID, ROOM_KIND_ID, PLACE_ID)
VALUES (20, 6, 2);
INSERT INTO room (ID, ROOM_KIND_ID, PLACE_ID)
VALUES (21, 6, 2);
INSERT INTO room (ID, ROOM_KIND_ID, PLACE_ID)
VALUES (22, 7, 2);
INSERT INTO room (ID, ROOM_KIND_ID, PLACE_ID)
VALUES (23, 7, 2);
INSERT INTO room (ID, ROOM_KIND_ID, PLACE_ID)
VALUES (24, 8, 2);
INSERT INTO room (ID, ROOM_KIND_ID, PLACE_ID)
VALUES (25, 8, 2);
INSERT INTO room (ID, ROOM_KIND_ID, PLACE_ID)
VALUES (26, 9, 2);
INSERT INTO room (ID, ROOM_KIND_ID, PLACE_ID)
VALUES (27, 9, 2);
INSERT INTO room (ID, ROOM_KIND_ID, PLACE_ID)
VALUES (28, 1, 3);
INSERT INTO room (ID, ROOM_KIND_ID, PLACE_ID)
VALUES (29, 2, 3);
INSERT INTO room (ID, ROOM_KIND_ID, PLACE_ID)
VALUES (30, 2, 3);
INSERT INTO room (ID, ROOM_KIND_ID, PLACE_ID)
VALUES (31, 3, 3);
INSERT INTO room (ID, ROOM_KIND_ID, PLACE_ID)
VALUES (32, 4, 3);
INSERT INTO room (ID, ROOM_KIND_ID, PLACE_ID)
VALUES (33, 4, 3);
INSERT INTO room (ID, ROOM_KIND_ID, PLACE_ID)
VALUES (34, 5, 3);
INSERT INTO room (ID, ROOM_KIND_ID, PLACE_ID)
VALUES (35, 6, 3);
INSERT INTO room (ID, ROOM_KIND_ID, PLACE_ID)
VALUES (36, 6, 3);
INSERT INTO room (ID, ROOM_KIND_ID, PLACE_ID)
VALUES (37, 7, 3);
INSERT INTO room (ID, ROOM_KIND_ID, PLACE_ID)
VALUES (38, 8, 3);
INSERT INTO room (ID, ROOM_KIND_ID, PLACE_ID)
VALUES (39, 8, 3);
INSERT INTO room (ID, ROOM_KIND_ID, PLACE_ID)
VALUES (40, 9, 3);
INSERT INTO room (ID, ROOM_KIND_ID, PLACE_ID)
VALUES (41, 3, 4);
INSERT INTO room (ID, ROOM_KIND_ID, PLACE_ID)
VALUES (42, 4, 4);
INSERT INTO room (ID, ROOM_KIND_ID, PLACE_ID)
VALUES (43, 5, 4);
INSERT INTO room (ID, ROOM_KIND_ID, PLACE_ID)
VALUES (44, 5, 4);
INSERT INTO room (ID, ROOM_KIND_ID, PLACE_ID)
VALUES (45, 5, 4);
INSERT INTO room (ID, ROOM_KIND_ID, PLACE_ID)
VALUES (46, 5, 4);
INSERT INTO room (ID, ROOM_KIND_ID, PLACE_ID)
VALUES (47, 5, 4);
INSERT INTO room (ID, ROOM_KIND_ID, PLACE_ID)
VALUES (48, 5, 4);
INSERT INTO room (ID, ROOM_KIND_ID, PLACE_ID)
VALUES (49, 1, 5);
INSERT INTO room (ID, ROOM_KIND_ID, PLACE_ID)
VALUES (50, 1, 5);
INSERT INTO room (ID, ROOM_KIND_ID, PLACE_ID)
VALUES (51, 1, 5);
INSERT INTO room (ID, ROOM_KIND_ID, PLACE_ID)
VALUES (52, 1, 5);
INSERT INTO room (ID, ROOM_KIND_ID, PLACE_ID)
VALUES (53, 1, 5);
INSERT INTO room (ID, ROOM_KIND_ID, PLACE_ID)
VALUES (54, 1, 5);
INSERT INTO room (ID, ROOM_KIND_ID, PLACE_ID)
VALUES (55, 1, 5);
INSERT INTO room (ID, ROOM_KIND_ID, PLACE_ID)
VALUES (56, 1, 5);
INSERT INTO room (ID, ROOM_KIND_ID, PLACE_ID)
VALUES (57, 1, 5);
INSERT INTO room (ID, ROOM_KIND_ID, PLACE_ID)
VALUES (58, 1, 5);
INSERT INTO room (ID, ROOM_KIND_ID, PLACE_ID)
VALUES (59, 2, 5);
INSERT INTO room (ID, ROOM_KIND_ID, PLACE_ID)
VALUES (60, 2, 5);
INSERT INTO room (ID, ROOM_KIND_ID, PLACE_ID)
VALUES (61, 2, 5);
INSERT INTO room (ID, ROOM_KIND_ID, PLACE_ID)
VALUES (62, 3, 5);
INSERT INTO room (ID, ROOM_KIND_ID, PLACE_ID)
VALUES (63, 3, 5);
INSERT INTO room (ID, ROOM_KIND_ID, PLACE_ID)
VALUES (64, 4, 5);
INSERT INTO room (ID, ROOM_KIND_ID, PLACE_ID)
VALUES (65, 5, 5);
INSERT INTO room (ID, ROOM_KIND_ID, PLACE_ID)
VALUES (66, 5, 5);
INSERT INTO room (ID, ROOM_KIND_ID, PLACE_ID)
VALUES (67, 6, 5);
INSERT INTO room (ID, ROOM_KIND_ID, PLACE_ID)
VALUES (68, 6, 5);
INSERT INTO room (ID, ROOM_KIND_ID, PLACE_ID)
VALUES (69, 7, 5);
INSERT INTO room (ID, ROOM_KIND_ID, PLACE_ID)
VALUES (70, 7, 5);
INSERT INTO room (ID, ROOM_KIND_ID, PLACE_ID)
VALUES (71, 7, 5);
INSERT INTO room (ID, ROOM_KIND_ID, PLACE_ID)
VALUES (72, 7, 5);
INSERT INTO room (ID, ROOM_KIND_ID, PLACE_ID)
VALUES (73, 8, 5);
INSERT INTO room (ID, ROOM_KIND_ID, PLACE_ID)
VALUES (74, 8, 5);
INSERT INTO room (ID, ROOM_KIND_ID, PLACE_ID)
VALUES (75, 8, 5);
INSERT INTO room (ID, ROOM_KIND_ID, PLACE_ID)
VALUES (76, 9, 5);
INSERT INTO room (ID, ROOM_KIND_ID, PLACE_ID)
VALUES (77, 9, 5);
INSERT INTO room (ID, ROOM_KIND_ID, PLACE_ID)
VALUES (78, 1, 6);
INSERT INTO room (ID, ROOM_KIND_ID, PLACE_ID)
VALUES (79, 1, 6);
INSERT INTO room (ID, ROOM_KIND_ID, PLACE_ID)
VALUES (80, 2, 6);
INSERT INTO room (ID, ROOM_KIND_ID, PLACE_ID)
VALUES (81, 2, 6);
INSERT INTO room (ID, ROOM_KIND_ID, PLACE_ID)
VALUES (82, 3, 6);
INSERT INTO room (ID, ROOM_KIND_ID, PLACE_ID)
VALUES (83, 3, 6);
INSERT INTO room (ID, ROOM_KIND_ID, PLACE_ID)
VALUES (84, 4, 6);
INSERT INTO room (ID, ROOM_KIND_ID, PLACE_ID)
VALUES (85, 4, 6);
INSERT INTO room (ID, ROOM_KIND_ID, PLACE_ID)
VALUES (86, 5, 6);
INSERT INTO room (ID, ROOM_KIND_ID, PLACE_ID)
VALUES (87, 5, 6);
INSERT INTO room (ID, ROOM_KIND_ID, PLACE_ID)
VALUES (88, 6, 6);
INSERT INTO room (ID, ROOM_KIND_ID, PLACE_ID)
VALUES (89, 6, 6);
INSERT INTO room (ID, ROOM_KIND_ID, PLACE_ID)
VALUES (90, 7, 6);
INSERT INTO room (ID, ROOM_KIND_ID, PLACE_ID)
VALUES (91, 7, 6);
INSERT INTO room (ID, ROOM_KIND_ID, PLACE_ID)
VALUES (92, 8, 6);
INSERT INTO room (ID, ROOM_KIND_ID, PLACE_ID)
VALUES (93, 8, 6);
INSERT INTO room (ID, ROOM_KIND_ID, PLACE_ID)
VALUES (94, 9, 6);
INSERT INTO room (ID, ROOM_KIND_ID, PLACE_ID)
VALUES (95, 9, 6);
INSERT INTO room (ID, ROOM_KIND_ID, PLACE_ID)
VALUES (96, 1, 7);
INSERT INTO room (ID, ROOM_KIND_ID, PLACE_ID)
VALUES (97, 1, 7);
INSERT INTO room (ID, ROOM_KIND_ID, PLACE_ID)
VALUES (98, 2, 7);
INSERT INTO room (ID, ROOM_KIND_ID, PLACE_ID)
VALUES (99, 3, 7);
INSERT INTO room (ID, ROOM_KIND_ID, PLACE_ID)
VALUES (100, 3, 7);
INSERT INTO room (ID, ROOM_KIND_ID, PLACE_ID)
VALUES (101, 4, 7);
INSERT INTO room (ID, ROOM_KIND_ID, PLACE_ID)
VALUES (102, 5, 7);
INSERT INTO room (ID, ROOM_KIND_ID, PLACE_ID)
VALUES (103, 5, 7);
INSERT INTO room (ID, ROOM_KIND_ID, PLACE_ID)
VALUES (104, 6, 7);
INSERT INTO room (ID, ROOM_KIND_ID, PLACE_ID)
VALUES (105, 7, 7);
INSERT INTO room (ID, ROOM_KIND_ID, PLACE_ID)
VALUES (106, 7, 7);
INSERT INTO room (ID, ROOM_KIND_ID, PLACE_ID)
VALUES (107, 8, 7);
INSERT INTO room (ID, ROOM_KIND_ID, PLACE_ID)
VALUES (108, 9, 7);
INSERT INTO room (ID, ROOM_KIND_ID, PLACE_ID)
VALUES (109, 9, 7);
INSERT INTO room (ID, ROOM_KIND_ID, PLACE_ID)
VALUES (110, 1, 8);
INSERT INTO room (ID, ROOM_KIND_ID, PLACE_ID)
VALUES (111, 1, 8);
INSERT INTO room (ID, ROOM_KIND_ID, PLACE_ID)
VALUES (112, 2, 8);
INSERT INTO room (ID, ROOM_KIND_ID, PLACE_ID)
VALUES (113, 2, 8);
INSERT INTO room (ID, ROOM_KIND_ID, PLACE_ID)
VALUES (114, 3, 8);
INSERT INTO room (ID, ROOM_KIND_ID, PLACE_ID)
VALUES (115, 3, 8);
INSERT INTO room (ID, ROOM_KIND_ID, PLACE_ID)
VALUES (116, 4, 8);
INSERT INTO room (ID, ROOM_KIND_ID, PLACE_ID)
VALUES (117, 4, 8);
INSERT INTO room (ID, ROOM_KIND_ID, PLACE_ID)
VALUES (118, 5, 8);
INSERT INTO room (ID, ROOM_KIND_ID, PLACE_ID)
VALUES (119, 5, 8);
INSERT INTO room (ID, ROOM_KIND_ID, PLACE_ID)
VALUES (120, 6, 8);
INSERT INTO room (ID, ROOM_KIND_ID, PLACE_ID)
VALUES (121, 6, 8);
INSERT INTO room (ID, ROOM_KIND_ID, PLACE_ID)
VALUES (122, 7, 8);
INSERT INTO room (ID, ROOM_KIND_ID, PLACE_ID)
VALUES (123, 7, 8);
INSERT INTO room (ID, ROOM_KIND_ID, PLACE_ID)
VALUES (124, 8, 8);
INSERT INTO room (ID, ROOM_KIND_ID, PLACE_ID)
VALUES (125, 8, 8);
INSERT INTO room (ID, ROOM_KIND_ID, PLACE_ID)
VALUES (126, 9, 8);
INSERT INTO room (ID, ROOM_KIND_ID, PLACE_ID)
VALUES (127, 9, 8);
INSERT INTO room (ID, ROOM_KIND_ID, PLACE_ID)
VALUES (128, 1, 9);
INSERT INTO room (ID, ROOM_KIND_ID, PLACE_ID)
VALUES (129, 2, 9);
INSERT INTO room (ID, ROOM_KIND_ID, PLACE_ID)
VALUES (130, 3, 9);
INSERT INTO room (ID, ROOM_KIND_ID, PLACE_ID)
VALUES (131, 4, 9);
INSERT INTO room (ID, ROOM_KIND_ID, PLACE_ID)
VALUES (132, 5, 9);
INSERT INTO room (ID, ROOM_KIND_ID, PLACE_ID)
VALUES (133, 6, 9);
INSERT INTO room (ID, ROOM_KIND_ID, PLACE_ID)
VALUES (134, 7, 9);
INSERT INTO room (ID, ROOM_KIND_ID, PLACE_ID)
VALUES (135, 8, 9);
INSERT INTO room (ID, ROOM_KIND_ID, PLACE_ID)
VALUES (136, 9, 9);
INSERT INTO room (ID, ROOM_KIND_ID, PLACE_ID)
VALUES (137, 1, 10);
INSERT INTO room (ID, ROOM_KIND_ID, PLACE_ID)
VALUES (138, 1, 10);
INSERT INTO room (ID, ROOM_KIND_ID, PLACE_ID)
VALUES (139, 2, 10);
INSERT INTO room (ID, ROOM_KIND_ID, PLACE_ID)
VALUES (140, 2, 10);
INSERT INTO room (ID, ROOM_KIND_ID, PLACE_ID)
VALUES (141, 3, 10);
INSERT INTO room (ID, ROOM_KIND_ID, PLACE_ID)
VALUES (142, 3, 10);
INSERT INTO room (ID, ROOM_KIND_ID, PLACE_ID)
VALUES (143, 4, 10);
INSERT INTO room (ID, ROOM_KIND_ID, PLACE_ID)
VALUES (144, 4, 10);
INSERT INTO room (ID, ROOM_KIND_ID, PLACE_ID)
VALUES (145, 6, 10);
INSERT INTO room (ID, ROOM_KIND_ID, PLACE_ID)
VALUES (146, 7, 10);
INSERT INTO room (ID, ROOM_KIND_ID, PLACE_ID)
VALUES (147, 8, 10);
INSERT INTO room (ID, ROOM_KIND_ID, PLACE_ID)
VALUES (148, 2, 11);
INSERT INTO room (ID, ROOM_KIND_ID, PLACE_ID)
VALUES (149, 2, 11);
INSERT INTO room (ID, ROOM_KIND_ID, PLACE_ID)
VALUES (150, 2, 11);
INSERT INTO room (ID, ROOM_KIND_ID, PLACE_ID)
VALUES (151, 3, 11);
INSERT INTO room (ID, ROOM_KIND_ID, PLACE_ID)
VALUES (152, 3, 11);
INSERT INTO room (ID, ROOM_KIND_ID, PLACE_ID)
VALUES (153, 3, 11);
INSERT INTO room (ID, ROOM_KIND_ID, PLACE_ID)
VALUES (154, 4, 11);
INSERT INTO room (ID, ROOM_KIND_ID, PLACE_ID)
VALUES (155, 4, 11);
INSERT INTO room (ID, ROOM_KIND_ID, PLACE_ID)
VALUES (156, 6, 11);
INSERT INTO room (ID, ROOM_KIND_ID, PLACE_ID)
VALUES (157, 7, 11);
INSERT INTO room (ID, ROOM_KIND_ID, PLACE_ID)
VALUES (158, 1, 12);
INSERT INTO room (ID, ROOM_KIND_ID, PLACE_ID)
VALUES (159, 1, 12);
INSERT INTO room (ID, ROOM_KIND_ID, PLACE_ID)
VALUES (160, 1, 12);
INSERT INTO room (ID, ROOM_KIND_ID, PLACE_ID)
VALUES (161, 2, 12);
INSERT INTO room (ID, ROOM_KIND_ID, PLACE_ID)
VALUES (162, 2, 12);
INSERT INTO room (ID, ROOM_KIND_ID, PLACE_ID)
VALUES (163, 3, 12);
INSERT INTO room (ID, ROOM_KIND_ID, PLACE_ID)
VALUES (164, 6, 12);
INSERT INTO room (ID, ROOM_KIND_ID, PLACE_ID)
VALUES (165, 7, 12);
INSERT INTO room (ID, ROOM_KIND_ID, PLACE_ID)
VALUES (166, 1, 13);
INSERT INTO room (ID, ROOM_KIND_ID, PLACE_ID)
VALUES (167, 1, 13);
INSERT INTO room (ID, ROOM_KIND_ID, PLACE_ID)
VALUES (168, 1, 13);
INSERT INTO room (ID, ROOM_KIND_ID, PLACE_ID)
VALUES (169, 1, 13);
INSERT INTO room (ID, ROOM_KIND_ID, PLACE_ID)
VALUES (170, 2, 13);
INSERT INTO room (ID, ROOM_KIND_ID, PLACE_ID)
VALUES (171, 2, 13);
INSERT INTO room (ID, ROOM_KIND_ID, PLACE_ID)
VALUES (172, 3, 13);
INSERT INTO room (ID, ROOM_KIND_ID, PLACE_ID)
VALUES (173, 7, 13);
INSERT INTO room (ID, ROOM_KIND_ID, PLACE_ID)
VALUES (174, 8, 13);
INSERT INTO room (ID, ROOM_KIND_ID, PLACE_ID)
VALUES (175, 1, 14);
INSERT INTO room (ID, ROOM_KIND_ID, PLACE_ID)
VALUES (176, 1, 14);
INSERT INTO room (ID, ROOM_KIND_ID, PLACE_ID)
VALUES (177, 2, 14);
INSERT INTO room (ID, ROOM_KIND_ID, PLACE_ID)
VALUES (178, 2, 14);
INSERT INTO room (ID, ROOM_KIND_ID, PLACE_ID)
VALUES (179, 3, 14);
INSERT INTO room (ID, ROOM_KIND_ID, PLACE_ID)
VALUES (180, 3, 14);
INSERT INTO room (ID, ROOM_KIND_ID, PLACE_ID)
VALUES (181, 4, 14);
INSERT INTO room (ID, ROOM_KIND_ID, PLACE_ID)
VALUES (182, 4, 14);
INSERT INTO room (ID, ROOM_KIND_ID, PLACE_ID)
VALUES (183, 5, 14);
INSERT INTO room (ID, ROOM_KIND_ID, PLACE_ID)
VALUES (184, 5, 14);
INSERT INTO room (ID, ROOM_KIND_ID, PLACE_ID)
VALUES (185, 6, 14);
INSERT INTO room (ID, ROOM_KIND_ID, PLACE_ID)
VALUES (186, 6, 14);
INSERT INTO room (ID, ROOM_KIND_ID, PLACE_ID)
VALUES (187, 7, 14);
INSERT INTO room (ID, ROOM_KIND_ID, PLACE_ID)
VALUES (188, 7, 14);
INSERT INTO room (ID, ROOM_KIND_ID, PLACE_ID)
VALUES (189, 8, 14);
INSERT INTO room (ID, ROOM_KIND_ID, PLACE_ID)
VALUES (190, 8, 14);
INSERT INTO room (ID, ROOM_KIND_ID, PLACE_ID)
VALUES (191, 1, 15);
INSERT INTO room (ID, ROOM_KIND_ID, PLACE_ID)
VALUES (192, 1, 15);
INSERT INTO room (ID, ROOM_KIND_ID, PLACE_ID)
VALUES (193, 1, 15);
INSERT INTO room (ID, ROOM_KIND_ID, PLACE_ID)
VALUES (194, 2, 15);
INSERT INTO room (ID, ROOM_KIND_ID, PLACE_ID)
VALUES (195, 2, 15);
INSERT INTO room (ID, ROOM_KIND_ID, PLACE_ID)
VALUES (196, 2, 15);
INSERT INTO room (ID, ROOM_KIND_ID, PLACE_ID)
VALUES (197, 3, 15);
INSERT INTO room (ID, ROOM_KIND_ID, PLACE_ID)
VALUES (198, 3, 15);
INSERT INTO room (ID, ROOM_KIND_ID, PLACE_ID)
VALUES (199, 3, 15);
INSERT INTO room (ID, ROOM_KIND_ID, PLACE_ID)
VALUES (200, 4, 15);
INSERT INTO room (ID, ROOM_KIND_ID, PLACE_ID)
VALUES (201, 4, 15);
INSERT INTO room (ID, ROOM_KIND_ID, PLACE_ID)
VALUES (202, 5, 15);
INSERT INTO room (ID, ROOM_KIND_ID, PLACE_ID)
VALUES (203, 5, 15);
INSERT INTO room (ID, ROOM_KIND_ID, PLACE_ID)
VALUES (204, 6, 15);
INSERT INTO room (ID, ROOM_KIND_ID, PLACE_ID)
VALUES (205, 6, 15);
INSERT INTO room (ID, ROOM_KIND_ID, PLACE_ID)
VALUES (206, 7, 15);
INSERT INTO room (ID, ROOM_KIND_ID, PLACE_ID)
VALUES (207, 8, 15);
INSERT INTO room (ID, ROOM_KIND_ID, PLACE_ID)
VALUES (208, 9, 15);
INSERT INTO room (ID, ROOM_KIND_ID, PLACE_ID)
VALUES (209, 1, 16);
INSERT INTO room (ID, ROOM_KIND_ID, PLACE_ID)
VALUES (210, 1, 16);
INSERT INTO room (ID, ROOM_KIND_ID, PLACE_ID)
VALUES (211, 1, 16);
INSERT INTO room (ID, ROOM_KIND_ID, PLACE_ID)
VALUES (212, 2, 16);
INSERT INTO room (ID, ROOM_KIND_ID, PLACE_ID)
VALUES (213, 2, 16);
INSERT INTO room (ID, ROOM_KIND_ID, PLACE_ID)
VALUES (214, 3, 16);
INSERT INTO room (ID, ROOM_KIND_ID, PLACE_ID)
VALUES (215, 4, 16);
INSERT INTO room (ID, ROOM_KIND_ID, PLACE_ID)
VALUES (216, 5, 16);
INSERT INTO room (ID, ROOM_KIND_ID, PLACE_ID)
VALUES (217, 5, 16);
INSERT INTO room (ID, ROOM_KIND_ID, PLACE_ID)
VALUES (218, 6, 16);
INSERT INTO room (ID, ROOM_KIND_ID, PLACE_ID)
VALUES (219, 6, 16);
INSERT INTO room (ID, ROOM_KIND_ID, PLACE_ID)
VALUES (220, 6, 16);
INSERT INTO room (ID, ROOM_KIND_ID, PLACE_ID)
VALUES (221, 7, 16);
INSERT INTO room (ID, ROOM_KIND_ID, PLACE_ID)
VALUES (222, 7, 16);
INSERT INTO room (ID, ROOM_KIND_ID, PLACE_ID)
VALUES (223, 8, 16);
INSERT INTO room (ID, ROOM_KIND_ID, PLACE_ID)
VALUES (224, 8, 16);
INSERT INTO room (ID, ROOM_KIND_ID, PLACE_ID)
VALUES (225, 9, 16);
INSERT INTO room (ID, ROOM_KIND_ID, PLACE_ID)
VALUES (226, 9, 16);

INSERT INTO roomstatus (ID, ROOM_ID, STATUS)
VALUES (1, 1, 1);
INSERT INTO roomstatus (ID, ROOM_ID, STATUS)
VALUES (2, 2, 1);
INSERT INTO roomstatus (ID, ROOM_ID, STATUS)
VALUES (3, 3, 1);
INSERT INTO roomstatus (ID, ROOM_ID, STATUS)
VALUES (4, 4, 1);
INSERT INTO roomstatus (ID, ROOM_ID, STATUS)
VALUES (5, 5, 1);
INSERT INTO roomstatus (ID, ROOM_ID, STATUS)
VALUES (6, 6, 1);
INSERT INTO roomstatus (ID, ROOM_ID, STATUS)
VALUES (7, 7, 1);
INSERT INTO roomstatus (ID, ROOM_ID, STATUS)
VALUES (8, 8, 1);
INSERT INTO roomstatus (ID, ROOM_ID, STATUS)
VALUES (9, 9, 1);
INSERT INTO roomstatus (ID, ROOM_ID, STATUS)
VALUES (10, 10, 1);
INSERT INTO roomstatus (ID, ROOM_ID, STATUS)
VALUES (11, 11, 1);
INSERT INTO roomstatus (ID, ROOM_ID, STATUS)
VALUES (12, 12, 1);
INSERT INTO roomstatus (ID, ROOM_ID, STATUS)
VALUES (13, 13, 1);
INSERT INTO roomstatus (ID, ROOM_ID, STATUS)
VALUES (14, 14, 1);
INSERT INTO roomstatus (ID, ROOM_ID, STATUS)
VALUES (15, 15, 1);
INSERT INTO roomstatus (ID, ROOM_ID, STATUS)
VALUES (16, 16, 1);
INSERT INTO roomstatus (ID, ROOM_ID, STATUS)
VALUES (17, 17, 1);
INSERT INTO roomstatus (ID, ROOM_ID, STATUS)
VALUES (18, 18, 1);
INSERT INTO roomstatus (ID, ROOM_ID, STATUS)
VALUES (19, 19, 1);
INSERT INTO roomstatus (ID, ROOM_ID, STATUS)
VALUES (20, 20, 1);
INSERT INTO roomstatus (ID, ROOM_ID, STATUS)
VALUES (21, 21, 1);
INSERT INTO roomstatus (ID, ROOM_ID, STATUS)
VALUES (22, 22, 1);
INSERT INTO roomstatus (ID, ROOM_ID, STATUS)
VALUES (23, 23, 1);
INSERT INTO roomstatus (ID, ROOM_ID, STATUS)
VALUES (24, 24, 1);
INSERT INTO roomstatus (ID, ROOM_ID, STATUS)
VALUES (25, 25, 1);
INSERT INTO roomstatus (ID, ROOM_ID, STATUS)
VALUES (26, 26, 1);
INSERT INTO roomstatus (ID, ROOM_ID, STATUS)
VALUES (27, 27, 1);
INSERT INTO roomstatus (ID, ROOM_ID, STATUS)
VALUES (28, 28, 1);
INSERT INTO roomstatus (ID, ROOM_ID, STATUS)
VALUES (29, 29, 1);
INSERT INTO roomstatus (ID, ROOM_ID, STATUS)
VALUES (30, 30, 1);
INSERT INTO roomstatus (ID, ROOM_ID, STATUS)
VALUES (31, 31, 1);
INSERT INTO roomstatus (ID, ROOM_ID, STATUS)
VALUES (32, 32, 1);
INSERT INTO roomstatus (ID, ROOM_ID, STATUS)
VALUES (33, 33, 1);
INSERT INTO roomstatus (ID, ROOM_ID, STATUS)
VALUES (34, 34, 1);
INSERT INTO roomstatus (ID, ROOM_ID, STATUS)
VALUES (35, 35, 1);
INSERT INTO roomstatus (ID, ROOM_ID, STATUS)
VALUES (36, 36, 1);
INSERT INTO roomstatus (ID, ROOM_ID, STATUS)
VALUES (37, 37, 1);
INSERT INTO roomstatus (ID, ROOM_ID, STATUS)
VALUES (38, 38, 1);
INSERT INTO roomstatus (ID, ROOM_ID, STATUS)
VALUES (39, 39, 1);
INSERT INTO roomstatus (ID, ROOM_ID, STATUS)
VALUES (40, 40, 1);
INSERT INTO roomstatus (ID, ROOM_ID, STATUS)
VALUES (41, 41, 1);
INSERT INTO roomstatus (ID, ROOM_ID, STATUS)
VALUES (42, 42, 1);
INSERT INTO roomstatus (ID, ROOM_ID, STATUS)
VALUES (43, 43, 1);
INSERT INTO roomstatus (ID, ROOM_ID, STATUS)
VALUES (44, 44, 1);
INSERT INTO roomstatus (ID, ROOM_ID, STATUS)
VALUES (45, 45, 1);
INSERT INTO roomstatus (ID, ROOM_ID, STATUS)
VALUES (46, 46, 1);
INSERT INTO roomstatus (ID, ROOM_ID, STATUS)
VALUES (47, 47, 1);
INSERT INTO roomstatus (ID, ROOM_ID, STATUS)
VALUES (48, 48, 1);
INSERT INTO roomstatus (ID, ROOM_ID, STATUS)
VALUES (49, 49, 1);
INSERT INTO roomstatus (ID, ROOM_ID, STATUS)
VALUES (50, 50, 1);
INSERT INTO roomstatus (ID, ROOM_ID, STATUS)
VALUES (51, 51, 1);
INSERT INTO roomstatus (ID, ROOM_ID, STATUS)
VALUES (52, 52, 1);
INSERT INTO roomstatus (ID, ROOM_ID, STATUS)
VALUES (53, 53, 1);
INSERT INTO roomstatus (ID, ROOM_ID, STATUS)
VALUES (54, 54, 1);
INSERT INTO roomstatus (ID, ROOM_ID, STATUS)
VALUES (55, 55, 1);
INSERT INTO roomstatus (ID, ROOM_ID, STATUS)
VALUES (56, 56, 1);
INSERT INTO roomstatus (ID, ROOM_ID, STATUS)
VALUES (57, 57, 1);
INSERT INTO roomstatus (ID, ROOM_ID, STATUS)
VALUES (58, 58, 1);
INSERT INTO roomstatus (ID, ROOM_ID, STATUS)
VALUES (59, 59, 1);
INSERT INTO roomstatus (ID, ROOM_ID, STATUS)
VALUES (60, 60, 1);
INSERT INTO roomstatus (ID, ROOM_ID, STATUS)
VALUES (61, 61, 1);
INSERT INTO roomstatus (ID, ROOM_ID, STATUS)
VALUES (62, 62, 1);
INSERT INTO roomstatus (ID, ROOM_ID, STATUS)
VALUES (63, 63, 1);
INSERT INTO roomstatus (ID, ROOM_ID, STATUS)
VALUES (64, 64, 1);
INSERT INTO roomstatus (ID, ROOM_ID, STATUS)
VALUES (65, 65, 1);
INSERT INTO roomstatus (ID, ROOM_ID, STATUS)
VALUES (66, 66, 1);
INSERT INTO roomstatus (ID, ROOM_ID, STATUS)
VALUES (67, 67, 1);
INSERT INTO roomstatus (ID, ROOM_ID, STATUS)
VALUES (68, 68, 1);
INSERT INTO roomstatus (ID, ROOM_ID, STATUS)
VALUES (69, 69, 1);
INSERT INTO roomstatus (ID, ROOM_ID, STATUS)
VALUES (70, 70, 1);
INSERT INTO roomstatus (ID, ROOM_ID, STATUS)
VALUES (71, 71, 1);
INSERT INTO roomstatus (ID, ROOM_ID, STATUS)
VALUES (72, 72, 1);
INSERT INTO roomstatus (ID, ROOM_ID, STATUS)
VALUES (73, 73, 1);
INSERT INTO roomstatus (ID, ROOM_ID, STATUS)
VALUES (74, 74, 1);
INSERT INTO roomstatus (ID, ROOM_ID, STATUS)
VALUES (75, 75, 1);
INSERT INTO roomstatus (ID, ROOM_ID, STATUS)
VALUES (76, 76, 1);
INSERT INTO roomstatus (ID, ROOM_ID, STATUS)
VALUES (77, 77, 1);
INSERT INTO roomstatus (ID, ROOM_ID, STATUS)
VALUES (78, 78, 1);
INSERT INTO roomstatus (ID, ROOM_ID, STATUS)
VALUES (79, 79, 1);
INSERT INTO roomstatus (ID, ROOM_ID, STATUS)
VALUES (80, 80, 1);
INSERT INTO roomstatus (ID, ROOM_ID, STATUS)
VALUES (81, 81, 1);
INSERT INTO roomstatus (ID, ROOM_ID, STATUS)
VALUES (82, 82, 1);
INSERT INTO roomstatus (ID, ROOM_ID, STATUS)
VALUES (83, 83, 1);
INSERT INTO roomstatus (ID, ROOM_ID, STATUS)
VALUES (84, 84, 1);
INSERT INTO roomstatus (ID, ROOM_ID, STATUS)
VALUES (85, 85, 1);
INSERT INTO roomstatus (ID, ROOM_ID, STATUS)
VALUES (86, 86, 1);
INSERT INTO roomstatus (ID, ROOM_ID, STATUS)
VALUES (87, 87, 1);
INSERT INTO roomstatus (ID, ROOM_ID, STATUS)
VALUES (88, 88, 1);
INSERT INTO roomstatus (ID, ROOM_ID, STATUS)
VALUES (89, 89, 1);
INSERT INTO roomstatus (ID, ROOM_ID, STATUS)
VALUES (90, 90, 1);
INSERT INTO roomstatus (ID, ROOM_ID, STATUS)
VALUES (91, 91, 1);
INSERT INTO roomstatus (ID, ROOM_ID, STATUS)
VALUES (92, 92, 1);
INSERT INTO roomstatus (ID, ROOM_ID, STATUS)
VALUES (93, 93, 1);
INSERT INTO roomstatus (ID, ROOM_ID, STATUS)
VALUES (94, 94, 1);
INSERT INTO roomstatus (ID, ROOM_ID, STATUS)
VALUES (95, 95, 1);
INSERT INTO roomstatus (ID, ROOM_ID, STATUS)
VALUES (96, 96, 1);
INSERT INTO roomstatus (ID, ROOM_ID, STATUS)
VALUES (97, 97, 1);
INSERT INTO roomstatus (ID, ROOM_ID, STATUS)
VALUES (98, 98, 1);
INSERT INTO roomstatus (ID, ROOM_ID, STATUS)
VALUES (99, 99, 1);
INSERT INTO roomstatus (ID, ROOM_ID, STATUS)
VALUES (100, 100, 1);
INSERT INTO roomstatus (ID, ROOM_ID, STATUS)
VALUES (101, 101, 1);
INSERT INTO roomstatus (ID, ROOM_ID, STATUS)
VALUES (102, 102, 1);
INSERT INTO roomstatus (ID, ROOM_ID, STATUS)
VALUES (103, 103, 1);
INSERT INTO roomstatus (ID, ROOM_ID, STATUS)
VALUES (104, 104, 1);
INSERT INTO roomstatus (ID, ROOM_ID, STATUS)
VALUES (105, 105, 1);
INSERT INTO roomstatus (ID, ROOM_ID, STATUS)
VALUES (106, 106, 1);
INSERT INTO roomstatus (ID, ROOM_ID, STATUS)
VALUES (107, 107, 1);
INSERT INTO roomstatus (ID, ROOM_ID, STATUS)
VALUES (108, 108, 1);
INSERT INTO roomstatus (ID, ROOM_ID, STATUS)
VALUES (109, 109, 1);
INSERT INTO roomstatus (ID, ROOM_ID, STATUS)
VALUES (110, 110, 1);
INSERT INTO roomstatus (ID, ROOM_ID, STATUS)
VALUES (111, 111, 1);
INSERT INTO roomstatus (ID, ROOM_ID, STATUS)
VALUES (112, 112, 1);
INSERT INTO roomstatus (ID, ROOM_ID, STATUS)
VALUES (113, 113, 1);
INSERT INTO roomstatus (ID, ROOM_ID, STATUS)
VALUES (114, 114, 1);
INSERT INTO roomstatus (ID, ROOM_ID, STATUS)
VALUES (115, 115, 1);
INSERT INTO roomstatus (ID, ROOM_ID, STATUS)
VALUES (116, 116, 1);
INSERT INTO roomstatus (ID, ROOM_ID, STATUS)
VALUES (117, 117, 1);
INSERT INTO roomstatus (ID, ROOM_ID, STATUS)
VALUES (118, 118, 1);
INSERT INTO roomstatus (ID, ROOM_ID, STATUS)
VALUES (119, 119, 1);
INSERT INTO roomstatus (ID, ROOM_ID, STATUS)
VALUES (120, 120, 1);
INSERT INTO roomstatus (ID, ROOM_ID, STATUS)
VALUES (121, 121, 1);
INSERT INTO roomstatus (ID, ROOM_ID, STATUS)
VALUES (122, 122, 1);
INSERT INTO roomstatus (ID, ROOM_ID, STATUS)
VALUES (123, 123, 1);
INSERT INTO roomstatus (ID, ROOM_ID, STATUS)
VALUES (124, 124, 1);
INSERT INTO roomstatus (ID, ROOM_ID, STATUS)
VALUES (125, 125, 1);
INSERT INTO roomstatus (ID, ROOM_ID, STATUS)
VALUES (126, 126, 1);
INSERT INTO roomstatus (ID, ROOM_ID, STATUS)
VALUES (127, 127, 1);
INSERT INTO roomstatus (ID, ROOM_ID, STATUS)
VALUES (128, 128, 1);
INSERT INTO roomstatus (ID, ROOM_ID, STATUS)
VALUES (129, 129, 1);
INSERT INTO roomstatus (ID, ROOM_ID, STATUS)
VALUES (130, 130, 1);
INSERT INTO roomstatus (ID, ROOM_ID, STATUS)
VALUES (131, 131, 1);
INSERT INTO roomstatus (ID, ROOM_ID, STATUS)
VALUES (132, 132, 1);
INSERT INTO roomstatus (ID, ROOM_ID, STATUS)
VALUES (133, 133, 1);
INSERT INTO roomstatus (ID, ROOM_ID, STATUS)
VALUES (134, 134, 1);
INSERT INTO roomstatus (ID, ROOM_ID, STATUS)
VALUES (135, 135, 1);
INSERT INTO roomstatus (ID, ROOM_ID, STATUS)
VALUES (136, 136, 1);
INSERT INTO roomstatus (ID, ROOM_ID, STATUS)
VALUES (137, 137, 1);
INSERT INTO roomstatus (ID, ROOM_ID, STATUS)
VALUES (138, 138, 1);
INSERT INTO roomstatus (ID, ROOM_ID, STATUS)
VALUES (139, 139, 1);
INSERT INTO roomstatus (ID, ROOM_ID, STATUS)
VALUES (140, 140, 1);
INSERT INTO roomstatus (ID, ROOM_ID, STATUS)
VALUES (141, 141, 1);
INSERT INTO roomstatus (ID, ROOM_ID, STATUS)
VALUES (142, 142, 1);
INSERT INTO roomstatus (ID, ROOM_ID, STATUS)
VALUES (143, 143, 1);
INSERT INTO roomstatus (ID, ROOM_ID, STATUS)
VALUES (144, 144, 1);
INSERT INTO roomstatus (ID, ROOM_ID, STATUS)
VALUES (145, 145, 1);
INSERT INTO roomstatus (ID, ROOM_ID, STATUS)
VALUES (146, 146, 1);
INSERT INTO roomstatus (ID, ROOM_ID, STATUS)
VALUES (147, 147, 1);
INSERT INTO roomstatus (ID, ROOM_ID, STATUS)
VALUES (148, 148, 1);
INSERT INTO roomstatus (ID, ROOM_ID, STATUS)
VALUES (149, 149, 1);
INSERT INTO roomstatus (ID, ROOM_ID, STATUS)
VALUES (150, 150, 1);
INSERT INTO roomstatus (ID, ROOM_ID, STATUS)
VALUES (151, 151, 1);
INSERT INTO roomstatus (ID, ROOM_ID, STATUS)
VALUES (152, 152, 1);
INSERT INTO roomstatus (ID, ROOM_ID, STATUS)
VALUES (153, 153, 1);
INSERT INTO roomstatus (ID, ROOM_ID, STATUS)
VALUES (154, 154, 1);
INSERT INTO roomstatus (ID, ROOM_ID, STATUS)
VALUES (155, 155, 1);
INSERT INTO roomstatus (ID, ROOM_ID, STATUS)
VALUES (156, 156, 1);
INSERT INTO roomstatus (ID, ROOM_ID, STATUS)
VALUES (157, 157, 1);
INSERT INTO roomstatus (ID, ROOM_ID, STATUS)
VALUES (158, 158, 1);
INSERT INTO roomstatus (ID, ROOM_ID, STATUS)
VALUES (159, 159, 1);
INSERT INTO roomstatus (ID, ROOM_ID, STATUS)
VALUES (160, 160, 1);
INSERT INTO roomstatus (ID, ROOM_ID, STATUS)
VALUES (161, 161, 1);
INSERT INTO roomstatus (ID, ROOM_ID, STATUS)
VALUES (162, 162, 1);
INSERT INTO roomstatus (ID, ROOM_ID, STATUS)
VALUES (163, 163, 1);
INSERT INTO roomstatus (ID, ROOM_ID, STATUS)
VALUES (164, 164, 1);
INSERT INTO roomstatus (ID, ROOM_ID, STATUS)
VALUES (165, 165, 1);
INSERT INTO roomstatus (ID, ROOM_ID, STATUS)
VALUES (166, 166, 1);
INSERT INTO roomstatus (ID, ROOM_ID, STATUS)
VALUES (167, 167, 1);
INSERT INTO roomstatus (ID, ROOM_ID, STATUS)
VALUES (168, 168, 1);
INSERT INTO roomstatus (ID, ROOM_ID, STATUS)
VALUES (169, 169, 1);
INSERT INTO roomstatus (ID, ROOM_ID, STATUS)
VALUES (170, 170, 1);
INSERT INTO roomstatus (ID, ROOM_ID, STATUS)
VALUES (171, 171, 1);
INSERT INTO roomstatus (ID, ROOM_ID, STATUS)
VALUES (172, 172, 1);
INSERT INTO roomstatus (ID, ROOM_ID, STATUS)
VALUES (173, 173, 1);
INSERT INTO roomstatus (ID, ROOM_ID, STATUS)
VALUES (174, 174, 1);
INSERT INTO roomstatus (ID, ROOM_ID, STATUS)
VALUES (175, 175, 1);
INSERT INTO roomstatus (ID, ROOM_ID, STATUS)
VALUES (176, 176, 1);
INSERT INTO roomstatus (ID, ROOM_ID, STATUS)
VALUES (177, 177, 1);
INSERT INTO roomstatus (ID, ROOM_ID, STATUS)
VALUES (178, 178, 1);
INSERT INTO roomstatus (ID, ROOM_ID, STATUS)
VALUES (179, 179, 1);
INSERT INTO roomstatus (ID, ROOM_ID, STATUS)
VALUES (180, 180, 1);
INSERT INTO roomstatus (ID, ROOM_ID, STATUS)
VALUES (181, 181, 1);
INSERT INTO roomstatus (ID, ROOM_ID, STATUS)
VALUES (182, 182, 1);
INSERT INTO roomstatus (ID, ROOM_ID, STATUS)
VALUES (183, 183, 1);
INSERT INTO roomstatus (ID, ROOM_ID, STATUS)
VALUES (184, 184, 1);
INSERT INTO roomstatus (ID, ROOM_ID, STATUS)
VALUES (185, 185, 1);
INSERT INTO roomstatus (ID, ROOM_ID, STATUS)
VALUES (186, 186, 1);
INSERT INTO roomstatus (ID, ROOM_ID, STATUS)
VALUES (187, 187, 1);
INSERT INTO roomstatus (ID, ROOM_ID, STATUS)
VALUES (188, 188, 1);
INSERT INTO roomstatus (ID, ROOM_ID, STATUS)
VALUES (189, 189, 1);
INSERT INTO roomstatus (ID, ROOM_ID, STATUS)
VALUES (190, 190, 1);
INSERT INTO roomstatus (ID, ROOM_ID, STATUS)
VALUES (191, 191, 1);
INSERT INTO roomstatus (ID, ROOM_ID, STATUS)
VALUES (192, 192, 1);
INSERT INTO roomstatus (ID, ROOM_ID, STATUS)
VALUES (193, 193, 1);
INSERT INTO roomstatus (ID, ROOM_ID, STATUS)
VALUES (194, 194, 1);
INSERT INTO roomstatus (ID, ROOM_ID, STATUS)
VALUES (195, 195, 1);
INSERT INTO roomstatus (ID, ROOM_ID, STATUS)
VALUES (196, 196, 1);
INSERT INTO roomstatus (ID, ROOM_ID, STATUS)
VALUES (197, 197, 1);
INSERT INTO roomstatus (ID, ROOM_ID, STATUS)
VALUES (198, 198, 1);
INSERT INTO roomstatus (ID, ROOM_ID, STATUS)
VALUES (199, 199, 1);
INSERT INTO roomstatus (ID, ROOM_ID, STATUS)
VALUES (200, 200, 1);
INSERT INTO roomstatus (ID, ROOM_ID, STATUS)
VALUES (201, 201, 1);
INSERT INTO roomstatus (ID, ROOM_ID, STATUS)
VALUES (202, 202, 1);
INSERT INTO roomstatus (ID, ROOM_ID, STATUS)
VALUES (203, 203, 1);
INSERT INTO roomstatus (ID, ROOM_ID, STATUS)
VALUES (204, 204, 1);
INSERT INTO roomstatus (ID, ROOM_ID, STATUS)
VALUES (205, 205, 1);
INSERT INTO roomstatus (ID, ROOM_ID, STATUS)
VALUES (206, 206, 1);
INSERT INTO roomstatus (ID, ROOM_ID, STATUS)
VALUES (207, 207, 1);
INSERT INTO roomstatus (ID, ROOM_ID, STATUS)
VALUES (208, 208, 1);
INSERT INTO roomstatus (ID, ROOM_ID, STATUS)
VALUES (209, 209, 1);
INSERT INTO roomstatus (ID, ROOM_ID, STATUS)
VALUES (210, 210, 1);
INSERT INTO roomstatus (ID, ROOM_ID, STATUS)
VALUES (211, 211, 1);
INSERT INTO roomstatus (ID, ROOM_ID, STATUS)
VALUES (212, 212, 1);
INSERT INTO roomstatus (ID, ROOM_ID, STATUS)
VALUES (213, 213, 1);
INSERT INTO roomstatus (ID, ROOM_ID, STATUS)
VALUES (214, 214, 1);
INSERT INTO roomstatus (ID, ROOM_ID, STATUS)
VALUES (215, 215, 1);
INSERT INTO roomstatus (ID, ROOM_ID, STATUS)
VALUES (216, 216, 1);
INSERT INTO roomstatus (ID, ROOM_ID, STATUS)
VALUES (217, 217, 1);
INSERT INTO roomstatus (ID, ROOM_ID, STATUS)
VALUES (218, 218, 1);
INSERT INTO roomstatus (ID, ROOM_ID, STATUS)
VALUES (219, 219, 1);
INSERT INTO roomstatus (ID, ROOM_ID, STATUS)
VALUES (220, 220, 1);
INSERT INTO roomstatus (ID, ROOM_ID, STATUS)
VALUES (221, 221, 1);
INSERT INTO roomstatus (ID, ROOM_ID, STATUS)
VALUES (222, 222, 1);
INSERT INTO roomstatus (ID, ROOM_ID, STATUS)
VALUES (223, 223, 1);
INSERT INTO roomstatus (ID, ROOM_ID, STATUS)
VALUES (224, 224, 1);
INSERT INTO roomstatus (ID, ROOM_ID, STATUS)
VALUES (225, 225, 1);
INSERT INTO roomstatus (ID, ROOM_ID, STATUS)
VALUES (226, 226, 1);

INSERT INTO role (ID, role)
VALUES (1, 'ROLE_FULLUSER');
INSERT INTO role (ID, role)
VALUES (2, 'ROLE_MANAGER');

INSERT INTO mileage (ID, POINT)
VALUES (1, 6500);
INSERT INTO mileage (ID, POINT)
VALUES (2, 3000);
INSERT INTO mileage (ID, POINT)
VALUES (3, 3000);
INSERT INTO mileage (ID, POINT)
VALUES (4, 4000);
INSERT INTO mileage (ID, POINT)
VALUES (5, 2000);

INSERT INTO user (ID, MILEAGE_ID, ROLE_ID, USER_MAIL, USER_PW, USER_NAME, USER_TEL, USER_JOB, prefer_type)
VALUES (1, 1, 1, 'test0000@test.com', '$2a$10$8JhEFusKy8aBREMCF/bgyunjtHM6S8Xp004Jmayuk1RZtuq70R91i', '홍길동',
        '01011111111', '학생', 'desk:true&meetingroom:false&office:false');
INSERT INTO user (ID, MILEAGE_ID, ROLE_ID, USER_MAIL, USER_PW, USER_NAME, USER_TEL, USER_JOB, prefer_type)
VALUES (2, 2, 1, 'test1234@gmail.com', '$2a$10$wV88qo6uG8RSonuNQHEFkuPUWNmTzp0fsNkc7cxowMvMFq8u5b7Lu', '김철수',
        '01022222222', '학생', 'desk:true&meetingroom:true&office:false');
INSERT INTO user (ID, MILEAGE_ID, ROLE_ID, USER_MAIL, USER_PW, USER_NAME, USER_TEL, USER_JOB, prefer_type)
VALUES (3, 3, 1, 'test12345@test.com', '$2a$10$tb/Sn5f2hJAtB2k/zGOt8eBiqgQqu.M2xNb.TteVw1S9ITZS4rDi.', '홍길동',
        '01033333333', '학생', 'desk:true&meetingroom:true&office:false');
INSERT INTO user (ID, MILEAGE_ID, ROLE_ID, USER_MAIL, USER_PW, USER_NAME, USER_TEL, USER_JOB, prefer_type)
VALUES (4, 4, 1, 'qwer1235@gmail.com', '$2a$10$WvH.omVmd85FiwWWEuYsz.FZLG2goL05RPzYpHx28nOQFS0w898RO', '김가네',
        '01033331111', '교수', 'desk:true&meetingroom:true&office:false');
INSERT INTO user (ID, MILEAGE_ID, ROLE_ID, USER_MAIL, USER_PW, USER_NAME, USER_TEL, USER_JOB, prefer_type)
VALUES (5, 5, 1, 'qwer123456@gmail.com', '$2a$10$Rrqi4ABMUFrl.WkvF/M0SOVG82ngoR2jW1V7RIX9PPNcWx9OlVzC2', '김가네',
        '01012345678', '자영업자', 'desk:true&meetingroom:true&office:false');

INSERT INTO manager (ID, ROLE_ID, NAME, EMAIL, PW, TEL)
VALUES (1, 2, '관리자1', 'admin11111@gmail.com', 'admin11111', '01011111111');
INSERT INTO manager (ID, ROLE_ID, NAME, EMAIL, PW, TEL)
VALUES (2, 2, '관리자2', 'admin22222@gmail.com', 'admin22222', '01022222222');
INSERT INTO manager (ID, ROLE_ID, NAME, EMAIL, PW, TEL)
VALUES (3, 2, '관리자3', 'admin33333@gmail.com', 'admin33333', '01033333333');
INSERT INTO manager (ID, ROLE_ID, NAME, EMAIL, PW, TEL)
VALUES (4, 2, '관리자4', 'admin44444@gmail.com', 'admin44444', '01044444444');
INSERT INTO manager (ID, ROLE_ID, NAME, EMAIL, PW, TEL)
VALUES (5, 2, '관리자5', 'admin55555@gmail.com', 'admin55555', '01055555555');

INSERT INTO reservation (ID, USER_ID, ROOM_ID, RES_STARTDATE, RES_STARTTIME, RES_ENDDATE, RES_ENDTIME)
VALUES (1, 1, 1, '2022-11-16', '09:00:00', '2022-11-16', '12:00:00');
INSERT INTO reservation (ID, USER_ID, ROOM_ID, RES_STARTDATE, RES_STARTTIME, RES_ENDDATE, RES_ENDTIME)
VALUES (2, 2, 1, '2022-11-16', '16:00:00', '2022-11-16', '17:00:00');
INSERT INTO reservation (ID, USER_ID, ROOM_ID, RES_STARTDATE, RES_STARTTIME, RES_ENDDATE, RES_ENDTIME)
VALUES (3, 3, 7, '2022-11-21', '00:00:00', '2022-11-22', '00:00:00');
INSERT INTO reservation (ID, USER_ID, ROOM_ID, RES_STARTDATE, RES_STARTTIME, RES_ENDDATE, RES_ENDTIME)
VALUES (4, 4, 64, '2022-11-06', '08:00:00', '2022-11-06', '09:00:00');
INSERT INTO reservation (ID, USER_ID, ROOM_ID, RES_STARTDATE, RES_STARTTIME, RES_ENDDATE, RES_ENDTIME)
VALUES (5, 5, 64, '2022-11-10', '08:00:00', '2022-11-10', '09:00:00');
INSERT INTO reservation (ID, USER_ID, ROOM_ID, RES_STARTDATE, RES_STARTTIME, RES_ENDDATE, RES_ENDTIME)
VALUES (6, 1, 49, '2022-11-12', '08:00:00', '2022-11-12', '10:00:00');
INSERT INTO reservation (ID, USER_ID, ROOM_ID, RES_STARTDATE, RES_STARTTIME, RES_ENDDATE, RES_ENDTIME)
VALUES (7, 2, 28, '2022-11-11', '14:00:00', '2022-11-11', '16:00:00');
INSERT INTO reservation (ID, USER_ID, ROOM_ID, RES_STARTDATE, RES_STARTTIME, RES_ENDDATE, RES_ENDTIME)
VALUES (8, 3, 28, '2022-11-11', '11:00:00', '2022-11-11', '12:00:00');
INSERT INTO reservation (ID, USER_ID, ROOM_ID, RES_STARTDATE, RES_STARTTIME, RES_ENDDATE, RES_ENDTIME)
VALUES (9, 4, 42, '2022-11-08', '11:00:00', '2022-11-08', '14:00:00');
INSERT INTO reservation (ID, USER_ID, ROOM_ID, RES_STARTDATE, RES_STARTTIME, RES_ENDDATE, RES_ENDTIME)
VALUES (10, 5, 32, '2022-11-17', '11:00:00', '2022-11-17', '15:00:00');
INSERT INTO reservation (ID, USER_ID, ROOM_ID, RES_STARTDATE, RES_STARTTIME, RES_ENDDATE, RES_ENDTIME)
VALUES (11, 1, 96, '2022-11-24', '07:00:00', '2022-11-24', '09:00:00');
INSERT INTO reservation (ID, USER_ID, ROOM_ID, RES_STARTDATE, RES_STARTTIME, RES_ENDDATE, RES_ENDTIME)
VALUES (12, 2, 1, '2022-11-10', '10:00:00', '2022-11-10', '13:00:00');
INSERT INTO reservation (ID, USER_ID, ROOM_ID, RES_STARTDATE, RES_STARTTIME, RES_ENDDATE, RES_ENDTIME)
VALUES (13, 3, 7, '2022-11-10', '00:00:00', '2022-11-13', '00:00:00');
INSERT INTO reservation (ID, USER_ID, ROOM_ID, RES_STARTDATE, RES_STARTTIME, RES_ENDDATE, RES_ENDTIME)
VALUES (14, 4, 7, '2022-11-16', '00:00:00', '2022-11-30', '00:00:00');
INSERT INTO reservation (ID, USER_ID, ROOM_ID, RES_STARTDATE, RES_STARTTIME, RES_ENDDATE, RES_ENDTIME)
VALUES (15, 5, 12, '2022-11-23', '10:00:00', '2022-11-23', '12:00:00');
INSERT INTO reservation (ID, USER_ID, ROOM_ID, RES_STARTDATE, RES_STARTTIME, RES_ENDDATE, RES_ENDTIME)
VALUES (16, 1, 78, '2022-12-04', '03:00:00', '2022-12-04', '04:00:00');
INSERT INTO reservation (ID, USER_ID, ROOM_ID, RES_STARTDATE, RES_STARTTIME, RES_ENDDATE, RES_ENDTIME)
VALUES (17, 2, 78, '2023-01-01', '00:00:00', '2023-01-01', '04:00:00');
INSERT INTO reservation (ID, USER_ID, ROOM_ID, RES_STARTDATE, RES_STARTTIME, RES_ENDDATE, RES_ENDTIME)
VALUES (18, 3, 78, '2023-01-02', '00:00:00', '2023-01-02', '04:00:00');
INSERT INTO reservation (ID, USER_ID, ROOM_ID, RES_STARTDATE, RES_STARTTIME, RES_ENDDATE, RES_ENDTIME)
VALUES (19, 4, 41, '2023-01-03', '04:00:00', '2023-01-03', '05:00:00');
INSERT INTO reservation (ID, USER_ID, ROOM_ID, RES_STARTDATE, RES_STARTTIME, RES_ENDDATE, RES_ENDTIME)
VALUES (20, 5, 41, '2022-12-08', '11:00:00', '2022-12-08', '12:00:00');
INSERT INTO reservation (ID, USER_ID, ROOM_ID, RES_STARTDATE, RES_STARTTIME, RES_ENDDATE, RES_ENDTIME)
VALUES (21, 1, 42, '2022-12-08', '12:00:00', '2022-12-08', '13:00:00');
INSERT INTO reservation (ID, USER_ID, ROOM_ID, RES_STARTDATE, RES_STARTTIME, RES_ENDDATE, RES_ENDTIME)
VALUES (22, 2, 42, '2023-12-08', '11:00:00', '2023-12-08', '12:00:00');
INSERT INTO reservation (ID, USER_ID, ROOM_ID, RES_STARTDATE, RES_STARTTIME, RES_ENDDATE, RES_ENDTIME)
VALUES (23, 3, 42, '2023-12-08', '12:00:00', '2023-12-08', '13:00:00');
INSERT INTO reservation (ID, USER_ID, ROOM_ID, RES_STARTDATE, RES_STARTTIME, RES_ENDDATE, RES_ENDTIME)
VALUES (24, 4, 42, '2023-12-08', '13:00:00', '2023-12-08', '14:00:00');
INSERT INTO reservation (ID, USER_ID, ROOM_ID, RES_STARTDATE, RES_STARTTIME, RES_ENDDATE, RES_ENDTIME)
VALUES (25, 5, 42, '2022-12-23', '14:00:00', '2022-12-23', '16:00:00');
INSERT INTO reservation (ID, USER_ID, ROOM_ID, RES_STARTDATE, RES_STARTTIME, RES_ENDDATE, RES_ENDTIME)
VALUES (26, 1, 42, '2022-12-23', '16:00:00', '2022-12-23', '17:00:00');

INSERT INTO payment (ID, RESERVATION_ID, PAY_DATE, PAY_TIME, PAY_PRICE, PAY_MILEAGE, PAY_STATUS, SAVED_MILEAGE,
                     PAY_TYPE, PAY_API_CODE, PG)
VALUES (1, 1, '2022-11-15', '10:00:00', 30000, 0, 'PREPAYMENT', 1500, 'FULLPAYMENT', 'T37b0c65204d1c57a6d8',
        'KAKAOPAY');
INSERT INTO payment (ID, RESERVATION_ID, PAY_DATE, PAY_TIME, PAY_PRICE, PAY_MILEAGE, PAY_STATUS, SAVED_MILEAGE,
                     PAY_TYPE, PAY_API_CODE, PG)
VALUES (2, 2, '2022-11-15', '11:00:00', 10000, 0, 'PREPAYMENT', 500, 'FULLPAYMENT', 'T37b0da57c755d99912e', 'KAKAOPAY');
INSERT INTO payment (ID, RESERVATION_ID, PAY_DATE, PAY_TIME, PAY_PRICE, PAY_MILEAGE, PAY_STATUS, SAVED_MILEAGE,
                     PAY_TYPE, PAY_API_CODE, PG)
VALUES (3, 3, '2022-11-22', '20:00:00', 200000, 0, 'POSTPAYMENT', 0, 'FULLPAYMENT', 'T37b0dcf7c755d999133', 'KAKAOPAY');
INSERT INTO payment (ID, RESERVATION_ID, PAY_DATE, PAY_TIME, PAY_PRICE, PAY_MILEAGE, PAY_STATUS, SAVED_MILEAGE,
                     PAY_TYPE, PAY_API_CODE, PG)
VALUES (4, 4, '2022-11-05', '14:00:00', 10000, 0, 'PREPAYMENT', 0, 'DEPOSIT', 'T37b0e0f204d1c57a6f8', 'KAKAOPAY');
INSERT INTO payment (ID, RESERVATION_ID, PAY_DATE, PAY_TIME, PAY_PRICE, PAY_MILEAGE, PAY_STATUS, SAVED_MILEAGE,
                     PAY_TYPE, PAY_API_CODE, PG)
VALUES (5, 4, '2022-11-06', '07:45:00', 40000, 0, 'POSTPAYMENT', 0, 'BALANCE', 'T37b0e2a7c755d99913a', 'KAKAOPAY');
INSERT INTO payment (ID, RESERVATION_ID, PAY_DATE, PAY_TIME, PAY_PRICE, PAY_MILEAGE, PAY_STATUS, SAVED_MILEAGE,
                     PAY_TYPE, PAY_API_CODE, PG)
VALUES (6, 5, '2022-11-10', '07:40:00', 50000, 0, 'PREPAYMENT', 2500, 'FULLPAYMENT', 'T37b0f637c755d999145',
        'KAKAOPAY');
INSERT INTO payment (ID, RESERVATION_ID, PAY_DATE, PAY_TIME, PAY_PRICE, PAY_MILEAGE, PAY_STATUS, SAVED_MILEAGE,
                     PAY_TYPE, PAY_API_CODE, PG)
VALUES (7, 6, '2022-11-11', '11:00:00', 20000, 0, 'PREPAYMENT', 1000, 'FULLPAYMENT', 'T37b11237c755d99915b',
        'KAKAOPAY');
INSERT INTO payment (ID, RESERVATION_ID, PAY_DATE, PAY_TIME, PAY_PRICE, PAY_MILEAGE, PAY_STATUS, SAVED_MILEAGE,
                     PAY_TYPE, PAY_API_CODE, PG)
VALUES (8, 7, '2022-11-11', '12:00:00', 20000, 0, 'PREPAYMENT', 1000, 'FULLPAYMENT', 'T37b1233204d1c57a734',
        'KAKAOPAY');
INSERT INTO payment (ID, RESERVATION_ID, PAY_DATE, PAY_TIME, PAY_PRICE, PAY_MILEAGE, PAY_STATUS, SAVED_MILEAGE,
                     PAY_TYPE, PAY_API_CODE, PG)
VALUES (9, 8, '2022-11-11', '10:00:00', 10000, 0, 'PREPAYMENT', 500, 'FULLPAYMENT', 'T37b2e42204d1c57aaec', 'KAKAOPAY');
INSERT INTO payment (ID, RESERVATION_ID, PAY_DATE, PAY_TIME, PAY_PRICE, PAY_MILEAGE, PAY_STATUS, SAVED_MILEAGE,
                     PAY_TYPE, PAY_API_CODE, PG)
VALUES (10, 9, '2022-11-05', '10:00:00', 30000, 0, 'PREPAYMENT', 0, 'DEPOSIT', 'T37b3605204d1c57ab58', 'KAKAOPAY');
INSERT INTO payment (ID, RESERVATION_ID, PAY_DATE, PAY_TIME, PAY_PRICE, PAY_MILEAGE, PAY_STATUS, SAVED_MILEAGE,
                     PAY_TYPE, PAY_API_CODE, PG)
VALUES (11, 9, '2022-11-08', '10:43:00', 120000, 0, 'POSTPAYMENT', 0, 'BALANCE', 'T37b3b62204d1c57ab92', 'KAKAOPAY');
INSERT INTO payment (ID, RESERVATION_ID, PAY_DATE, PAY_TIME, PAY_PRICE, PAY_MILEAGE, PAY_STATUS, SAVED_MILEAGE,
                     PAY_TYPE, PAY_API_CODE, PG)
VALUES (12, 10, '2022-11-10', '10:00:00', 40000, 0, 'PREPAYMENT', 0, 'DEPOSIT', 'T37c7af3204d1c57b2d8', 'KAKAOPAY');
INSERT INTO payment (ID, RESERVATION_ID, PAY_DATE, PAY_TIME, PAY_PRICE, PAY_MILEAGE, PAY_STATUS, SAVED_MILEAGE,
                     PAY_TYPE, PAY_API_CODE, PG)
VALUES (13, 10, '2022-11-17', '10:40:00', 160000, 0, 'POSTPAYMENT', 0, 'BALANCE', 'T37c8ff77c755d999dd8', 'KAKAOPAY');
INSERT INTO payment (ID, RESERVATION_ID, PAY_DATE, PAY_TIME, PAY_PRICE, PAY_MILEAGE, PAY_STATUS, SAVED_MILEAGE,
                     PAY_TYPE, PAY_API_CODE, PG)
VALUES (14, 11, '2022-11-23', '10:00:00', 20000, 0, 'PREPAYMENT', 1000, 'FULLPAYMENT', 'T37cb36a204d1c57b697',
        'KAKAOPAY');
INSERT INTO payment (ID, RESERVATION_ID, PAY_DATE, PAY_TIME, PAY_PRICE, PAY_MILEAGE, PAY_STATUS, SAVED_MILEAGE,
                     PAY_TYPE, PAY_API_CODE, PG)
VALUES (15, 12, '2022-11-09', '10:00:00', 30000, 0, 'PREPAYMENT', 1500, 'FULLPAYMENT', 'T37cb818204d1c57b6ac',
        'KAKAOPAY');
INSERT INTO payment (ID, RESERVATION_ID, PAY_DATE, PAY_TIME, PAY_PRICE, PAY_MILEAGE, PAY_STATUS, SAVED_MILEAGE,
                     PAY_TYPE, PAY_API_CODE, PG)
VALUES (16, 13, '2022-11-13', '10:00:00', 600000, 0, 'POSTPAYMENT', 0, 'FULLPAYMENT', 'T37cbc477c755d99a0f0',
        'KAKAOPAY');
INSERT INTO payment (ID, RESERVATION_ID, PAY_DATE, PAY_TIME, PAY_PRICE, PAY_MILEAGE, PAY_STATUS, SAVED_MILEAGE,
                     PAY_TYPE, PAY_API_CODE, PG)
VALUES (17, 14, '2022-11-30', '10:00:00', 2800000, 0, 'POSTPAYMENT', 0, 'FULLPAYMENT', 'T37cbda0204d1c57b6bf',
        'KAKAOPAY');
INSERT INTO payment (ID, RESERVATION_ID, PAY_DATE, PAY_TIME, PAY_PRICE, PAY_MILEAGE, PAY_STATUS, SAVED_MILEAGE,
                     PAY_TYPE, PAY_API_CODE, PG)
VALUES (18, 15, '2022-11-22', '10:00:00', 40000, 0, 'PREPAYMENT', 2000, 'FULLPAYMENT', 'T37cbfa5204d1c57b6c6',
        'KAKAOPAY');
INSERT INTO payment (ID, RESERVATION_ID, PAY_DATE, PAY_TIME, PAY_PRICE, PAY_MILEAGE, PAY_STATUS, SAVED_MILEAGE,
                     PAY_TYPE, PAY_API_CODE, PG)
VALUES (19, 16, '2022-11-28', '22:00:00', 10000, 0, 'PREPAYMENT', 500, 'FULLPAYMENT', 'T37d6db2204d1c57b84a',
        'KAKAOPAY');
INSERT INTO payment (ID, RESERVATION_ID, PAY_DATE, PAY_TIME, PAY_PRICE, PAY_MILEAGE, PAY_STATUS, SAVED_MILEAGE,
                     PAY_TYPE, PAY_API_CODE, PG)
VALUES (20, 17, '2022-11-28', '10:00:00', 8000, 0, 'PREPAYMENT', 0, 'DEPOSIT', 'T37d7469204d1c57b877', 'KAKAOPAY');
INSERT INTO payment (ID, RESERVATION_ID, PAY_DATE, PAY_TIME, PAY_PRICE, PAY_MILEAGE, PAY_STATUS, SAVED_MILEAGE,
                     PAY_TYPE, PAY_API_CODE, PG)
VALUES (21, 18, '2022-11-28', '11:00:00', 8000, 0, 'PREPAYMENT', 0, 'DEPOSIT', 'T37db2ea7c755d99a4f2', 'KAKAOPAY');
INSERT INTO payment (ID, RESERVATION_ID, PAY_DATE, PAY_TIME, PAY_PRICE, PAY_MILEAGE, PAY_STATUS, SAVED_MILEAGE,
                     PAY_TYPE, PAY_API_CODE, PG)
VALUES (22, 19, '2022-11-29', '07:00:00', 30000, 0, 'PREPAYMENT', 1500, 'FULLPAYMENT', 'T37db4cc7c755d99a510',
        'KAKAOPAY');
INSERT INTO payment (ID, RESERVATION_ID, PAY_DATE, PAY_TIME, PAY_PRICE, PAY_MILEAGE, PAY_STATUS, SAVED_MILEAGE,
                     PAY_TYPE, PAY_API_CODE, PG)
VALUES (23, 20, '2022-11-29', '07:30:00', 6000, 0, 'PREPAYMENT', 0, 'DEPOSIT', 'T37e3bb67c755d99aae5', 'KAKAOPAY');
INSERT INTO payment (ID, RESERVATION_ID, PAY_DATE, PAY_TIME, PAY_PRICE, PAY_MILEAGE, PAY_STATUS, SAVED_MILEAGE,
                     PAY_TYPE, PAY_API_CODE, PG)
VALUES (24, 21, '2022-11-29', '08:00:00', 50000, 0, 'PREPAYMENT', 2500, 'FULLPAYMENT', 'T37e42d5204d1c57c071',
        'KAKAOPAY');
INSERT INTO payment (ID, RESERVATION_ID, PAY_DATE, PAY_TIME, PAY_PRICE, PAY_MILEAGE, PAY_STATUS, SAVED_MILEAGE,
                     PAY_TYPE, PAY_API_CODE, PG)
VALUES (25, 22, '2022-11-29', '10:00:00', 10000, 0, 'PREPAYMENT', 0, 'DEPOSIT', 'T37e5e617c755d99ab18', 'KAKAOPAY');
INSERT INTO payment (ID, RESERVATION_ID, PAY_DATE, PAY_TIME, PAY_PRICE, PAY_MILEAGE, PAY_STATUS, SAVED_MILEAGE,
                     PAY_TYPE, PAY_API_CODE, PG)
VALUES (26, 23, '2022-11-29', '13:00:00', 50000, 0, 'PREPAYMENT', 2500, 'FULLPAYMENT', 'T3801dda0d397ff1f728',
        'KAKAOPAY');
INSERT INTO payment (ID, RESERVATION_ID, PAY_DATE, PAY_TIME, PAY_PRICE, PAY_MILEAGE, PAY_STATUS, SAVED_MILEAGE,
                     PAY_TYPE, PAY_API_CODE, PG)
VALUES (27, 24, '2022-11-29', '14:00:00', 50000, 0, 'PREPAYMENT', 2500, 'FULLPAYMENT', 'N1234abc1a392fj4l123',
        'NICEPAY');
INSERT INTO payment (ID, RESERVATION_ID, PAY_DATE, PAY_TIME, PAY_PRICE, PAY_MILEAGE, PAY_STATUS, SAVED_MILEAGE,
                     PAY_TYPE, PAY_API_CODE, PG)
VALUES (28, 25, '2022-11-29', '15:00:00', 20000, 0, 'PREPAYMENT', 0, 'DEPOSIT', 'N1234abf1a112fj4l152', 'NICEPAY');
INSERT INTO payment (ID, RESERVATION_ID, PAY_DATE, PAY_TIME, PAY_PRICE, PAY_MILEAGE, PAY_STATUS, SAVED_MILEAGE,
                     PAY_TYPE, PAY_API_CODE, PG)
VALUES (29, 26, '2022-11-29', '18:00:00', 10000, 0, 'PREPAYMENT', 0, 'DEPOSIT', 'N1264vqq2n412fh1l894', 'NICEPAY');

INSERT INTO rating (ID, RESERVATION_ID, RATING_SCORE, RATING_REVIEW, RATING_TIME)
VALUES (1, 4, 5, 'NAVER', '2022-11-29 00:00:00');
INSERT INTO rating (ID, RESERVATION_ID, RATING_SCORE, RATING_REVIEW, RATING_TIME)
VALUES (2, 9, 1, 'KOSTA', '2022-11-29 12:00:00');
INSERT INTO rating (ID, RESERVATION_ID, RATING_SCORE, RATING_REVIEW, RATING_TIME)
VALUES (3, 12, 4.5, '골프존타워서울본관', '2022-11-29 22:00:00');
INSERT INTO rating (ID, RESERVATION_ID, RATING_SCORE, RATING_REVIEW, RATING_TIME)
VALUES (4, 13, 4, '골프존타워서울본관', '2022-11-30 10:00:00');
INSERT INTO rating (ID, RESERVATION_ID, RATING_SCORE, RATING_REVIEW, RATING_TIME)
VALUES (5, 5, 5, 'NAVER', '2022-12-01 12:00:00');
INSERT INTO rating (ID, RESERVATION_ID, RATING_SCORE, RATING_REVIEW, RATING_TIME)
VALUES (6, 7, 3, '골프존대전신사옥및골프복합문화센터', '2022-12-02 12:00:00');
INSERT INTO rating (ID, RESERVATION_ID, RATING_SCORE, RATING_REVIEW, RATING_TIME)
VALUES (7, 8, 4, '골프존대전신사옥및골프복합문화센터', '2022-12-03 12:00:00');
INSERT INTO rating (ID, RESERVATION_ID, RATING_SCORE, RATING_REVIEW, RATING_TIME)
VALUES (8, 6, 4, 'NAVER', '2022-12-04 12:00:00');
INSERT INTO rating (ID, RESERVATION_ID, RATING_SCORE, RATING_REVIEW, RATING_TIME)
VALUES (9, 1, 3, '골프존타워서울본관', '2022-12-05 12:00:00');
INSERT INTO rating (ID, RESERVATION_ID, RATING_SCORE, RATING_REVIEW, RATING_TIME)
VALUES (10, 2, 4, '골프존타워서울본관', '2022-12-06 12:00:00');
INSERT INTO rating (ID, RESERVATION_ID, RATING_SCORE, RATING_REVIEW, RATING_TIME)
VALUES (11, 14, 5, '골프존타워서울본관', '2022-12-07 12:00:00');
INSERT INTO rating (ID, RESERVATION_ID, RATING_SCORE, RATING_REVIEW, RATING_TIME)
VALUES (12, 10, 3.5, '골프존대전신사옥및골프복합문화센터', '2022-12-08 12:00:00');
INSERT INTO rating (ID, RESERVATION_ID, RATING_SCORE, RATING_REVIEW, RATING_TIME)
VALUES (13, 3, 3, '골프존타워서울본관', '2022-12-09 12:00:00');
INSERT INTO rating (ID, RESERVATION_ID, RATING_SCORE, RATING_REVIEW, RATING_TIME)
VALUES (14, 15, 4, '골프존타워서울R&D센터', '2022-12-10 12:00:00');
INSERT INTO rating (ID, RESERVATION_ID, RATING_SCORE, RATING_REVIEW, RATING_TIME)
VALUES (15, 11, 5, '카카오 판교아지트', '2022-12-11 12:00:00');

INSERT INTO refresh_token (ID, USER_ID, ENCODED_TOKEN)
VALUES (1, 1,
        'eyJhbGciOiJIUzI1NiIsInR5cCI6IkpXVCJ9.eyJpZCI6IjgiLCJzdGF0dXMiOiJyZWZyZXNoIiwiaWF0IjoxNjY5MjkxMzQ3OTcwfQ.P3fJMKaSrmKV2QBRB_LwyuqdUsMMrkL_PKDOkVH5618');

INSERT INTO inquiry (ID, USER_ID, TITLE, QUESTION, WRITETIME)
VALUES (1, 1, '마일리지는 어떻게 적립되나요?', '마일리지 적립 기준이 궁금합니다.', '2022-11-25 20:55:10');
INSERT INTO inquiry (ID, USER_ID, TITLE, QUESTION, WRITETIME)
VALUES (2, 2, '예약 취소는 어떻게 하나요?', '예약을 취소하고 싶어요.', '2022-11-26 00:11:47');
INSERT INTO inquiry (ID, USER_ID, TITLE, QUESTION, WRITETIME)
VALUES (3, 3, '결제를 변경하고 싶습니다.', '결제 수단을 변경하고 싶습니다.', '2022-11-26 11:12:00');
INSERT INTO inquiry (ID, USER_ID, TITLE, QUESTION, WRITETIME)
VALUES (4, 4, '오피스 이용료는 어떻게 계산하나요?', '오피스 이용료 계산이 궁금합니다.', '2022-11-26 12:11:47');
INSERT INTO inquiry (ID, USER_ID, TITLE, QUESTION, WRITETIME)
VALUES (5, 5, '예약 취소 시, 환불은 어떻게 되나요?', '환불 기준이 궁금합니다.', '2022-11-26 13:11:47');
INSERT INTO inquiry (ID, USER_ID, TITLE, QUESTION, WRITETIME)
VALUES (6, 1, '사무공간 타입 문의', '어떤 사무공간 타입이 있나요?', '2022-11-27 12:11:47');
INSERT INTO inquiry (ID, USER_ID, TITLE, QUESTION, WRITETIME)
VALUES (7, 2, '주차 문의', '주차되나요?', '2022-11-27 13:11:47');
INSERT INTO inquiry (ID, USER_ID, TITLE, QUESTION, WRITETIME)
VALUES (8, 4, '카카오페이 가능한가요?', '카카오페이로 결제할 수 있나요?', '2022-11-27 15:11:47');
INSERT INTO inquiry (ID, USER_ID, TITLE, QUESTION, WRITETIME)
VALUES (9, 5, '이용 시간 문의', '예약된 이용 시간을 바꾸고 싶어요.', '2022-11-28 14:11:47');
INSERT INTO inquiry (ID, USER_ID, TITLE, QUESTION, WRITETIME)
VALUES (10, 1, '검색 문의', '지도 기반으로 찾고 싶어요.', '2022-11-29 13:11:47');
INSERT INTO inquiry (ID, USER_ID, TITLE, QUESTION, WRITETIME)
VALUES (11, 2, '검색 문의', '원하는 룸타입만 보고 싶어요.', '2022-11-29 14:11:47');

INSERT INTO inquirystatus (ID, INQUIRY_ID, STATUS)
VALUES (1, 1, 1);
INSERT INTO inquirystatus (ID, INQUIRY_ID, STATUS)
VALUES (2, 2, 1);
INSERT INTO inquirystatus (ID, INQUIRY_ID, STATUS)
VALUES (3, 3, 1);
INSERT INTO inquirystatus (ID, INQUIRY_ID, STATUS)
VALUES (4, 4, 1);
INSERT INTO inquirystatus (ID, INQUIRY_ID, STATUS)
VALUES (5, 5, 1);
INSERT INTO inquirystatus (ID, INQUIRY_ID, STATUS)
VALUES (6, 6, 0);
INSERT INTO inquirystatus (ID, INQUIRY_ID, STATUS)
VALUES (7, 7, 0);
INSERT INTO inquirystatus (ID, INQUIRY_ID, STATUS)
VALUES (8, 8, 0);
INSERT INTO inquirystatus (ID, INQUIRY_ID, STATUS)
VALUES (9, 9, 0);
INSERT INTO inquirystatus (ID, INQUIRY_ID, STATUS)
VALUES (10, 10, 0);
INSERT INTO inquirystatus (ID, INQUIRY_ID, STATUS)
VALUES (11, 11, 0);

INSERT INTO answer (ID, INQUIRY_ID, MANAGER_ID, ANSWER)
VALUES (1, 1, 1, '답변1');
INSERT INTO answer (ID, INQUIRY_ID, MANAGER_ID, ANSWER)
VALUES (2, 2, 2, '답변2');
INSERT INTO answer (ID, INQUIRY_ID, MANAGER_ID, ANSWER)
VALUES (3, 3, 3, '답변3');
INSERT INTO answer (ID, INQUIRY_ID, MANAGER_ID, ANSWER)
VALUES (4, 4, 4, '답변4');
INSERT INTO answer (ID, INQUIRY_ID, MANAGER_ID, ANSWER)
VALUES (5, 5, 5, '답변5');

INSERT INTO comment (ID, RATING_ID, USER_ID, CONTEXT, WRITEDATETIME)
VALUES (1, 1, 1, '네이버 좋아요1', '2022-11-29 01:00:00');
INSERT INTO comment (ID, RATING_ID, USER_ID, CONTEXT, WRITEDATETIME)
VALUES (2, 1, 2, '네이버 좋아요2', '2022-11-29 02:00:00');
INSERT INTO comment (ID, RATING_ID, USER_ID, CONTEXT, WRITEDATETIME)
VALUES (3, 1, 3, '네이버 좋아요3', '2022-11-29 03:00:00');
INSERT INTO comment (ID, RATING_ID, USER_ID, CONTEXT, WRITEDATETIME)
VALUES (4, 1, 4, '네이버 좋아요4', '2022-11-29 04:00:00');
INSERT INTO comment (ID, RATING_ID, USER_ID, CONTEXT, WRITEDATETIME)
VALUES (5, 2, 5, '코스타...', '2022-11-29 04:00:00');
