INSERT INTO address (ID, ADDRESS, POSTALCODE)
VALUES (1, '서울 강남구 영동대로 735', '06072');
INSERT INTO address (ID, ADDRESS, POSTALCODE)
VALUES (2, '경기 성남시 분당구 성남대로 34 하나프라자 6층', '13637');
INSERT INTO address (ID, ADDRESS, POSTALCODE)
VALUES (3, '경기 성남시 분당구 정자일로 95', '13561');
INSERT INTO address (ID, ADDRESS, POSTALCODE)
VALUES (4, '제주특별자치도 제주시 첨단로 242', '63309');
INSERT INTO address (ID, ADDRESS, POSTALCODE)
VALUES (5, '서울특별시 송파구 송파대로 570', '05510');
INSERT INTO address (ID, ADDRESS, POSTALCODE)
VALUES (6, '서울 송파구 위례성대로 2', '05544');
INSERT INTO address (ID, ADDRESS, POSTALCODE)
VALUES (7, '서울특별시 구로구 디지털로 30길 28, 609호', '08389');
INSERT INTO address (ID, ADDRESS, POSTALCODE)
VALUES (8, '서울 강남구 테헤란로 142 12층', '06236');
INSERT INTO address (ID, ADDRESS, POSTALCODE)
VALUES (9, '서울시 송파구 올림픽로 35길 125 삼성SDS', '05510');
INSERT INTO address (ID, ADDRESS, POSTALCODE)
VALUES (10, '경기도 성남시 분당구 판교로256번길 7', '13487');
INSERT INTO address (ID, ADDRESS, POSTALCODE)
VALUES (11, '경기도 수원시 영통구 삼성로 129 삼성전자공업단지', '16677');
INSERT INTO address (ID, ADDRESS, POSTALCODE)
VALUES (12, '서울특별시 강남구 영동대로 735 골프존타워서울', '06072');
INSERT INTO address (ID, ADDRESS, POSTALCODE)
VALUES (13, '서울 강남구 영동대로141길 5', '06072');
INSERT INTO address (ID, ADDRESS, POSTALCODE)
VALUES (14, '대전 유성구 엑스포로97번길 40', '34125');
INSERT INTO address (ID, ADDRESS, POSTALCODE)
VALUES (15, '경기 성남시 분당구 성남대로 34 하나프라자 6층', '13637');
INSERT INTO address (ID, ADDRESS, POSTALCODE)
VALUES (16, '경기 성남시 분당구 정자일로 95', '13561');
INSERT INTO address (ID, ADDRESS, POSTALCODE)
VALUES (17, '경기 성남시 분당구 정자일로 95', '13561');
INSERT INTO address (ID, ADDRESS, POSTALCODE)
VALUES (18, '경기 성남시 분당구 판교역로 166', '13529');
INSERT INTO address (ID, ADDRESS, POSTALCODE)
VALUES (19, '제주 제주시 첨단로 216-19', '63309');
INSERT INTO address (ID, ADDRESS, POSTALCODE)
VALUES (20, '서울 송파구 송파대로 570 8~26층', '05510');
INSERT INTO address (ID, ADDRESS, POSTALCODE)
VALUES (21, '서울 송파구 위례성대로 2', '05544');
INSERT INTO address (ID, ADDRESS, POSTALCODE)
VALUES (22, '서울 송파구 올림픽로35다길 42', '05510');
INSERT INTO address (ID, ADDRESS, POSTALCODE)
VALUES (23, '서울 구로구 디지털로30길 28', '08389');
INSERT INTO address (ID, ADDRESS, POSTALCODE)
VALUES (24, '서울 강남구 테헤란로 142 12층', '06236');
INSERT INTO address (ID, ADDRESS, POSTALCODE)
VALUES (25, '서울 송파구 올림픽로35길 125 삼성SDS', '05510');
INSERT INTO address (ID, ADDRESS, POSTALCODE)
VALUES (26, '경기 성남시 분당구 판교로256번길 7', '13487');
INSERT INTO address (ID, ADDRESS, POSTALCODE)
VALUES (27, '경기 수원시 영통구 삼성로 129 삼성전자공업단지', '16677');
INSERT INTO address (ID, ADDRESS, POSTALCODE)
VALUES (29, '경기 성남시 분당구 성남대로 45', '13636');
INSERT INTO address (ID, ADDRESS, POSTALCODE)
VALUES (32, '경기 성남시 분당구 성남대로 45', '13636');
INSERT INTO address (ID, ADDRESS, POSTALCODE)
VALUES (33, '테스트주소', '00000');
INSERT INTO address (ID, ADDRESS, POSTALCODE)
VALUES (36, '123123', '12344');
INSERT INTO address (ID, ADDRESS, POSTALCODE)
VALUES (37, 'ㄱㄱㄱㄱㄱ', '11231');
INSERT INTO address (ID, ADDRESS, POSTALCODE)
VALUES (50, '서울 가산', '33333');

INSERT INTO mileage (ID, POINT)
VALUES (1, 0);
INSERT INTO mileage (ID, POINT)
VALUES (2, 0);
INSERT INTO mileage (ID, POINT)
VALUES (3, 0);
INSERT INTO mileage (ID, POINT)
VALUES (4, 0);
INSERT INTO mileage (ID, POINT)
VALUES (5, 0);

INSERT INTO company (ID, COMPANY_LOGINID, COMPANY_PW, COMPANY_NAME, COMPANY_TEL, COMPANY_REGNUM, COMPANY_REPNAME,
                     ADDRESS_ID)
VALUES (1, 'golfzon1234', '$2a$10$jUT1ARxmm38KZ2NfNXbdM.uCaKx1OsbA6QcuzhbeLJQ2YaqeF592K', '(주) 골프존', '1577-4333',
        '0000-0000', '최덕형, 박강수', 1);
INSERT INTO company (ID, COMPANY_LOGINID, COMPANY_PW, COMPANY_NAME, COMPANY_TEL, COMPANY_REGNUM, COMPANY_REPNAME,
                     ADDRESS_ID)
VALUES (2, 'kosta1234', '$2a$10$9cV3Hrb6QQHyBs0bSBOdeeDDw8eORw1/na8F9i.tyWAzuyBEJ4RaG', '한국소프트웨어기술진흥협회', '031-606-9311',
        '1111-1111', '이단형, 박준성', 2);
INSERT INTO company (ID, COMPANY_LOGINID, COMPANY_PW, COMPANY_NAME, COMPANY_TEL, COMPANY_REGNUM, COMPANY_REPNAME,
                     ADDRESS_ID)
VALUES (3, 'naver1234', '$2a$10$D1sxdTxuaJuoxnNotsqAi.VxrkyVP6OeuXuzPRnlOn6Sos2HfYwsy', '네이버(주)', '1588-3830',
        '1234-1234', '최수연', 3);
INSERT INTO company (ID, COMPANY_LOGINID, COMPANY_PW, COMPANY_NAME, COMPANY_TEL, COMPANY_REGNUM, COMPANY_REPNAME,
                     ADDRESS_ID)
VALUES (4, 'kakao1234', '$2a$10$7pR73XX5lGyPq7.n.qdAseG2PxDrDXnYWCBFf10OZibUcgyp76zP.', '(주) 카카오', '1899-1326',
        '4321-4321', '홍은택', 4);
INSERT INTO company (ID, COMPANY_LOGINID, COMPANY_PW, COMPANY_NAME, COMPANY_TEL, COMPANY_REGNUM, COMPANY_REPNAME,
                     ADDRESS_ID)
VALUES (5, 'coupang1234', '$2a$10$4.o2.jZrgUIfXWu5U4NLS.d6PcEzNVycjrL3DAqzmHUE.zKVB71f2', '쿠팡(주)', '1577-7011',
        '7890-7890', '강한승, 박대준', 5);
INSERT INTO company (ID, COMPANY_LOGINID, COMPANY_PW, COMPANY_NAME, COMPANY_TEL, COMPANY_REGNUM, COMPANY_REPNAME,
                     ADDRESS_ID)
VALUES (6, 'baemin1234', '$2a$10$xagzKEOmhfQMlC72GrJeqenHN89j/4u1EnDVQrluGGlouvakn6eZO', '(주)우아한형제들', '1600-7001',
        '5678-5678', '김범준', 6);
INSERT INTO company (ID, COMPANY_LOGINID, COMPANY_PW, COMPANY_NAME, COMPANY_TEL, COMPANY_REGNUM, COMPANY_REPNAME,
                     ADDRESS_ID)
VALUES (7, 'dangguen1234', '$2a$10$bd6advMvkIvlG6l627gTTe4mzTxkv6WDKCUkoVZozJJw6UNxGHSEu', '(주) 당근마켓', '1544-9796',
        '375-87-00088', '김재현, 김용현', 7);
INSERT INTO company (ID, COMPANY_LOGINID, COMPANY_PW, COMPANY_NAME, COMPANY_TEL, COMPANY_REGNUM, COMPANY_REPNAME,
                     ADDRESS_ID)
VALUES (8, 'toss1234', '$2a$10$qCnbsgDb8JEIi4T80b5He.ezG5D76i545Ljs1p2xXizbQSjuiOhQO', '(주)비바리퍼블리카', '1599-4905',
        '120-88-01280', '이승건', 8);
INSERT INTO company (ID, COMPANY_LOGINID, COMPANY_PW, COMPANY_NAME, COMPANY_TEL, COMPANY_REGNUM, COMPANY_REPNAME,
                     ADDRESS_ID)
VALUES (9, 'sssds1234', '$2a$10$mqvuVmpJrdNryk6ViDdZNeIY9MfZar8N2dxSx9BdtsT4vxXfj5FuC', '삼성SDS', '02-6155-3114',
        '4589-2363', '황성우', 9);
INSERT INTO company (ID, COMPANY_LOGINID, COMPANY_PW, COMPANY_NAME, COMPANY_TEL, COMPANY_REGNUM, COMPANY_REPNAME,
                     ADDRESS_ID)
VALUES (10, 'nexon1234', '$2a$10$chjshceBJCr3DczRpt02OedLPeNmSpOyO47E96UvQ8Oio1fiJ6qsS', '(주)넥슨코리아', '1588-7701',
        '1234-5683', '이정헌', 10);
INSERT INTO company (ID, COMPANY_LOGINID, COMPANY_PW, COMPANY_NAME, COMPANY_TEL, COMPANY_REGNUM, COMPANY_REPNAME,
                     ADDRESS_ID)
VALUES (11, 'sssec1234', '$2a$10$U/khiDEcMvYhy925.Ik5ROW7sAY5SOHSjm3bkzZaFYgxYoU5yIRai', '삼성전자(주)', '02-2255-0114',
        '3847-8690', '한종희, 경계현', 11);
INSERT INTO company (ID, COMPANY_LOGINID, COMPANY_PW, COMPANY_NAME, COMPANY_TEL, COMPANY_REGNUM, COMPANY_REPNAME,
                     ADDRESS_ID)
VALUES (12, 'test1234', '$2a$10$tH5mwdchik3b/R8q/wvxUOTGS9gmtbGTU2SkPiOmPQhIWLP94/2fG', '테스트계정', '010-1234-1234',
        '1101-1111', '홍길동', 29);
INSERT INTO company (ID, COMPANY_LOGINID, COMPANY_PW, COMPANY_NAME, COMPANY_TEL, COMPANY_REGNUM, COMPANY_REPNAME,
                     ADDRESS_ID)
VALUES (13, 'test4321', '$2a$10$RoC2WdN84XAxDL2UtJ2FOOeLXmTNfKVRfvlQhEabeK.I9whagT8O2', '테스트계정2', '010-2222-1111',
        '123-1231-123', '김철수', 33);
INSERT INTO company (ID, COMPANY_LOGINID, COMPANY_PW, COMPANY_NAME, COMPANY_TEL, COMPANY_REGNUM, COMPANY_REPNAME,
                     ADDRESS_ID)
VALUES (15, 'test12345', '$2a$10$Yay9kD83V4krSLX2FmoHDe9lTaBrdvH3RgraJxPbQvIumrYHPRg9y', '테스트55', '10101', '1111',
        '김철수', 36);

INSERT INTO place (ID, COMPANY_ID, PLACE_NAME, PLACE_DESCRIPTION, PLACE_OPENDAYS, PLACE_START, PLACE_END, PLACE_ADDINFO,
                   ADDRESS_ID, RATEPOINT_ID)
VALUES (1, 1, '골프존타워서울본관', '골프존타워서울본관입니다.', 'Mon, Tue, Wed, Thu, Fri', '08:00:00', '18:00:00',
        'Wifi, Coffee, Parking, Monitor', 12, 3);
INSERT INTO place (ID, COMPANY_ID, PLACE_NAME, PLACE_DESCRIPTION, PLACE_OPENDAYS, PLACE_START, PLACE_END, PLACE_ADDINFO,
                   ADDRESS_ID, RATEPOINT_ID)
VALUES (2, 1, '골프존타워서울R&D센터', '골프존타워서울R&D센터입니다.', 'Mon, Tue, Wed, Thu, Fri', '08:00:00', '18:00:00',
        'Wifi, Coffee, Parking, Monitor', 13, 4);
INSERT INTO place (ID, COMPANY_ID, PLACE_NAME, PLACE_DESCRIPTION, PLACE_OPENDAYS, PLACE_START, PLACE_END, PLACE_ADDINFO,
                   ADDRESS_ID, RATEPOINT_ID)
VALUES (3, 1, '골프존대전신사옥및골프복합문화센터', '골프존대전신사옥및골프복합문화센터입니다.', 'Mon, Tue, Wed, Thu, Fri', '08:00:00', '18:00:00',
        'Wifi, Coffee, Parking, Monitor', 14, 5);
INSERT INTO place (ID, COMPANY_ID, PLACE_NAME, PLACE_DESCRIPTION, PLACE_OPENDAYS, PLACE_START, PLACE_END, PLACE_ADDINFO,
                   ADDRESS_ID, RATEPOINT_ID)
VALUES (4, 2, 'KOSTA', '오리역 3번 출구 앞 하나프라자 6층에 위치하고 있습니다.', 'Mon, Tue, Wed, Thu, Fri', '08:30:00', '18:00:00', 'Wifi',
        15, 6);
INSERT INTO place (ID, COMPANY_ID, PLACE_NAME, PLACE_DESCRIPTION, PLACE_OPENDAYS, PLACE_START, PLACE_END, PLACE_ADDINFO,
                   ADDRESS_ID, RATEPOINT_ID)
VALUES (5, 3, 'NAVER', 'NAVER', 'Mon, Tue, Wed, Thu, Fri', '08:00:00', '18:00:00', 'Wifi, Coffee, Parking, Monitor', 16,
        7);
INSERT INTO place (ID, COMPANY_ID, PLACE_NAME, PLACE_DESCRIPTION, PLACE_OPENDAYS, PLACE_START, PLACE_END, PLACE_ADDINFO,
                   ADDRESS_ID, RATEPOINT_ID)
VALUES (6, 3, 'NAVER 1784', 'NAVER 1784', 'Mon, Tue, Wed, Thu, Fri, Sat, Sun', '00:00:00', '23:59:00',
        'Wifi, Coffee, Parking, Monitor', 17, 8);
INSERT INTO place (ID, COMPANY_ID, PLACE_NAME, PLACE_DESCRIPTION, PLACE_OPENDAYS, PLACE_START, PLACE_END, PLACE_ADDINFO,
                   ADDRESS_ID, RATEPOINT_ID)
VALUES (7, 4, '카카오 판교아지트', '카카오 판교아지트', 'Mon, Tue, Wed, Thu', '07:00:00', '17:00:00', 'Wifi, Coffee, Parking, Monitor',
        18, 9);
INSERT INTO place (ID, COMPANY_ID, PLACE_NAME, PLACE_DESCRIPTION, PLACE_OPENDAYS, PLACE_START, PLACE_END, PLACE_ADDINFO,
                   ADDRESS_ID, RATEPOINT_ID)
VALUES (8, 4, '카카오 스페이스닷투', '카카오 스페이스닷투', 'Mon, Tue, Wed, Thu, Fri', '09:00:00', '18:00:00',
        'Wifi, Coffee, Parking, Monitor', 19, 10);
INSERT INTO place (ID, COMPANY_ID, PLACE_NAME, PLACE_DESCRIPTION, PLACE_OPENDAYS, PLACE_START, PLACE_END, PLACE_ADDINFO,
                   ADDRESS_ID, RATEPOINT_ID)
VALUES (9, 5, '쿠팡', '쿠팡', 'Mon, Tue, Wed, Thu, Fri, Sat, Sun', '00:00:00', '23:59:00', 'Wifi, Coffee, Parking, Monitor',
        20, 11);
INSERT INTO place (ID, COMPANY_ID, PLACE_NAME, PLACE_DESCRIPTION, PLACE_OPENDAYS, PLACE_START, PLACE_END, PLACE_ADDINFO,
                   ADDRESS_ID, RATEPOINT_ID)
VALUES (10, 6, '우아한형제들', '우아한형제들', 'Mon, Tue, Wed, Thu, Fri, Sat, Sun', '08:00:00', '23:59:00',
        'Wifi, Coffee, Parking, Monitor', 21, 12);


INSERT INTO room_kind (ID, ROOM_TYPE, PRICE)
VALUES (1, 'DESK', '10000');
INSERT INTO room_kind (ID, ROOM_TYPE, PRICE)
VALUES (2, 'MEETINGROOM4', '20000');
INSERT INTO room_kind (ID, ROOM_TYPE, PRICE)
VALUES (3, 'MEETINGROOM6', '30000');
INSERT INTO room_kind (ID, ROOM_TYPE, PRICE)
VALUES (4, 'MEETINGROOM10', '50000');
INSERT INTO room_kind (ID, ROOM_TYPE, PRICE)
VALUES (5, 'MEETINGROOM20', '100000');
INSERT INTO room_kind (ID, ROOM_TYPE, PRICE)
VALUES (6, 'OFFICE20', '100000');
INSERT INTO room_kind (ID, ROOM_TYPE, PRICE)
VALUES (7, 'OFFICE40', '200000');
INSERT INTO room_kind (ID, ROOM_TYPE, PRICE)
VALUES (8, 'OFFICE70', '300000');
INSERT INTO room_kind (ID, ROOM_TYPE, PRICE)
VALUES (9, 'OFFICE100', '500000');

INSERT INTO user (ID, MILEAGE_ID, USER_MAIL, USER_PW, USER_NAME, USER_TEL, USER_JOB, prefer_type)
VALUES (1, 1, 'test0000@test.com', '$2a$10$8JhEFusKy8aBREMCF/bgyunjtHM6S8Xp004Jmayuk1RZtuq70R91i', '홍길동',
        '010-1111-1111', '학생', 'desk:true&meetingroom:false&office:false');
INSERT INTO user (ID, MILEAGE_ID, USER_MAIL, USER_PW, USER_NAME, USER_TEL, USER_JOB, prefer_type)
VALUES (2, 2, 'test1234@gmail.com', '$2a$10$wV88qo6uG8RSonuNQHEFkuPUWNmTzp0fsNkc7cxowMvMFq8u5b7Lu', '김철수',
        '010-2222-1111', '학생', 'desk:true&meetingroom:true&office:false');
INSERT INTO user (ID, MILEAGE_ID, USER_MAIL, USER_PW, USER_NAME, USER_TEL, USER_JOB, prefer_type)
VALUES (5, 5, 'test12345@test.com', '$2a$10$tb/Sn5f2hJAtB2k/zGOt8eBiqgQqu.M2xNb.TteVw1S9ITZS4rDi.', '홍길동',
        '010-1111-2222', '학생', 'desk:true&meetingroom:true&office:false');

INSERT INTO room (ID, ROOM_KIND_ID, PLACE_ID, COMPANY_ID, TOTAL_NUM, ROOM_STATE)
VALUES (1, 1, 1, 1, 1, 0);
INSERT INTO room (ID, ROOM_KIND_ID, PLACE_ID, COMPANY_ID, TOTAL_NUM, ROOM_STATE)
VALUES (2, 2, 1, 1, 4, 0);
INSERT INTO room (ID, ROOM_KIND_ID, PLACE_ID, COMPANY_ID, TOTAL_NUM, ROOM_STATE)
VALUES (3, 3, 1, 1, 6, 0);
INSERT INTO room (ID, ROOM_KIND_ID, PLACE_ID, COMPANY_ID, TOTAL_NUM, ROOM_STATE)
VALUES (4, 4, 1, 1, 10, 0);
INSERT INTO room (ID, ROOM_KIND_ID, PLACE_ID, COMPANY_ID, TOTAL_NUM, ROOM_STATE)
VALUES (5, 5, 1, 1, 20, 0);
INSERT INTO room (ID, ROOM_KIND_ID, PLACE_ID, COMPANY_ID, TOTAL_NUM, ROOM_STATE)
VALUES (6, 6, 1, 1, 20, 0);
INSERT INTO room (ID, ROOM_KIND_ID, PLACE_ID, COMPANY_ID, TOTAL_NUM, ROOM_STATE)
VALUES (7, 7, 1, 1, 40, 0);
INSERT INTO room (ID, ROOM_KIND_ID, PLACE_ID, COMPANY_ID, TOTAL_NUM, ROOM_STATE)
VALUES (8, 8, 1, 1, 70, 0);
INSERT INTO room (ID, ROOM_KIND_ID, PLACE_ID, COMPANY_ID, TOTAL_NUM, ROOM_STATE)
VALUES (9, 9, 1, 1, 100, 0);
INSERT INTO room (ID, ROOM_KIND_ID, PLACE_ID, COMPANY_ID, TOTAL_NUM, ROOM_STATE)
VALUES (10, 1, 2, 1, 1, 0);
INSERT INTO room (ID, ROOM_KIND_ID, PLACE_ID, COMPANY_ID, TOTAL_NUM, ROOM_STATE)
VALUES (11, 1, 2, 1, 1, 0);
INSERT INTO room (ID, ROOM_KIND_ID, PLACE_ID, COMPANY_ID, TOTAL_NUM, ROOM_STATE)
VALUES (12, 2, 2, 1, 4, 0);
INSERT INTO room (ID, ROOM_KIND_ID, PLACE_ID, COMPANY_ID, TOTAL_NUM, ROOM_STATE)
VALUES (13, 2, 2, 1, 4, 0);
INSERT INTO room (ID, ROOM_KIND_ID, PLACE_ID, COMPANY_ID, TOTAL_NUM, ROOM_STATE)
VALUES (14, 3, 2, 1, 6, 0);
INSERT INTO room (ID, ROOM_KIND_ID, PLACE_ID, COMPANY_ID, TOTAL_NUM, ROOM_STATE)
VALUES (15, 3, 2, 1, 6, 0);
INSERT INTO room (ID, ROOM_KIND_ID, PLACE_ID, COMPANY_ID, TOTAL_NUM, ROOM_STATE)
VALUES (16, 4, 2, 1, 10, 0);
INSERT INTO room (ID, ROOM_KIND_ID, PLACE_ID, COMPANY_ID, TOTAL_NUM, ROOM_STATE)
VALUES (17, 4, 2, 1, 10, 0);
INSERT INTO room (ID, ROOM_KIND_ID, PLACE_ID, COMPANY_ID, TOTAL_NUM, ROOM_STATE)
VALUES (18, 5, 2, 1, 20, 0);
INSERT INTO room (ID, ROOM_KIND_ID, PLACE_ID, COMPANY_ID, TOTAL_NUM, ROOM_STATE)
VALUES (19, 5, 2, 1, 20, 0);
INSERT INTO room (ID, ROOM_KIND_ID, PLACE_ID, COMPANY_ID, TOTAL_NUM, ROOM_STATE)
VALUES (20, 6, 2, 1, 20, 0);
INSERT INTO room (ID, ROOM_KIND_ID, PLACE_ID, COMPANY_ID, TOTAL_NUM, ROOM_STATE)
VALUES (21, 6, 2, 1, 20, 0);
INSERT INTO room (ID, ROOM_KIND_ID, PLACE_ID, COMPANY_ID, TOTAL_NUM, ROOM_STATE)
VALUES (22, 7, 2, 1, 40, 0);
INSERT INTO room (ID, ROOM_KIND_ID, PLACE_ID, COMPANY_ID, TOTAL_NUM, ROOM_STATE)
VALUES (23, 7, 2, 1, 40, 0);
INSERT INTO room (ID, ROOM_KIND_ID, PLACE_ID, COMPANY_ID, TOTAL_NUM, ROOM_STATE)
VALUES (24, 8, 2, 1, 70, 0);
INSERT INTO room (ID, ROOM_KIND_ID, PLACE_ID, COMPANY_ID, TOTAL_NUM, ROOM_STATE)
VALUES (25, 8, 2, 1, 70, 0);
INSERT INTO room (ID, ROOM_KIND_ID, PLACE_ID, COMPANY_ID, TOTAL_NUM, ROOM_STATE)
VALUES (26, 9, 2, 1, 100, 0);
INSERT INTO room (ID, ROOM_KIND_ID, PLACE_ID, COMPANY_ID, TOTAL_NUM, ROOM_STATE)
VALUES (27, 9, 2, 1, 100, 0);
INSERT INTO room (ID, ROOM_KIND_ID, PLACE_ID, COMPANY_ID, TOTAL_NUM, ROOM_STATE)
VALUES (28, 1, 3, 1, 1, 0);
INSERT INTO room (ID, ROOM_KIND_ID, PLACE_ID, COMPANY_ID, TOTAL_NUM, ROOM_STATE)
VALUES (29, 2, 3, 1, 4, 0);
INSERT INTO room (ID, ROOM_KIND_ID, PLACE_ID, COMPANY_ID, TOTAL_NUM, ROOM_STATE)
VALUES (30, 2, 3, 1, 4, 0);
INSERT INTO room (ID, ROOM_KIND_ID, PLACE_ID, COMPANY_ID, TOTAL_NUM, ROOM_STATE)
VALUES (31, 3, 3, 1, 6, 0);
INSERT INTO room (ID, ROOM_KIND_ID, PLACE_ID, COMPANY_ID, TOTAL_NUM, ROOM_STATE)
VALUES (32, 4, 3, 1, 10, 0);
INSERT INTO room (ID, ROOM_KIND_ID, PLACE_ID, COMPANY_ID, TOTAL_NUM, ROOM_STATE)
VALUES (33, 4, 3, 1, 10, 0);
INSERT INTO room (ID, ROOM_KIND_ID, PLACE_ID, COMPANY_ID, TOTAL_NUM, ROOM_STATE)
VALUES (34, 5, 3, 1, 20, 0);
INSERT INTO room (ID, ROOM_KIND_ID, PLACE_ID, COMPANY_ID, TOTAL_NUM, ROOM_STATE)
VALUES (35, 6, 3, 1, 20, 0);
INSERT INTO room (ID, ROOM_KIND_ID, PLACE_ID, COMPANY_ID, TOTAL_NUM, ROOM_STATE)
VALUES (36, 6, 3, 1, 20, 0);
INSERT INTO room (ID, ROOM_KIND_ID, PLACE_ID, COMPANY_ID, TOTAL_NUM, ROOM_STATE)
VALUES (37, 7, 3, 1, 40, 0);
INSERT INTO room (ID, ROOM_KIND_ID, PLACE_ID, COMPANY_ID, TOTAL_NUM, ROOM_STATE)
VALUES (38, 8, 3, 1, 70, 0);
INSERT INTO room (ID, ROOM_KIND_ID, PLACE_ID, COMPANY_ID, TOTAL_NUM, ROOM_STATE)
VALUES (39, 8, 3, 1, 70, 0);
INSERT INTO room (ID, ROOM_KIND_ID, PLACE_ID, COMPANY_ID, TOTAL_NUM, ROOM_STATE)
VALUES (40, 9, 3, 1, 100, 0);
INSERT INTO room (ID, ROOM_KIND_ID, PLACE_ID, COMPANY_ID, TOTAL_NUM, ROOM_STATE)
VALUES (41, 3, 4, 2, 6, 0);
INSERT INTO room (ID, ROOM_KIND_ID, PLACE_ID, COMPANY_ID, TOTAL_NUM, ROOM_STATE)
VALUES (42, 4, 4, 2, 10, 0);
INSERT INTO room (ID, ROOM_KIND_ID, PLACE_ID, COMPANY_ID, TOTAL_NUM, ROOM_STATE)
VALUES (43, 5, 4, 2, 20, 0);
INSERT INTO room (ID, ROOM_KIND_ID, PLACE_ID, COMPANY_ID, TOTAL_NUM, ROOM_STATE)
VALUES (44, 5, 4, 2, 20, 0);
INSERT INTO room (ID, ROOM_KIND_ID, PLACE_ID, COMPANY_ID, TOTAL_NUM, ROOM_STATE)
VALUES (45, 5, 4, 2, 20, 0);
INSERT INTO room (ID, ROOM_KIND_ID, PLACE_ID, COMPANY_ID, TOTAL_NUM, ROOM_STATE)
VALUES (46, 5, 4, 2, 20, 0);
INSERT INTO room (ID, ROOM_KIND_ID, PLACE_ID, COMPANY_ID, TOTAL_NUM, ROOM_STATE)
VALUES (47, 5, 4, 2, 20, 0);
INSERT INTO room (ID, ROOM_KIND_ID, PLACE_ID, COMPANY_ID, TOTAL_NUM, ROOM_STATE)
VALUES (48, 5, 4, 2, 20, 0);
INSERT INTO room (ID, ROOM_KIND_ID, PLACE_ID, COMPANY_ID, TOTAL_NUM, ROOM_STATE)
VALUES (49, 1, 5, 3, 1, 0);
INSERT INTO room (ID, ROOM_KIND_ID, PLACE_ID, COMPANY_ID, TOTAL_NUM, ROOM_STATE)
VALUES (50, 1, 5, 3, 1, 0);
INSERT INTO room (ID, ROOM_KIND_ID, PLACE_ID, COMPANY_ID, TOTAL_NUM, ROOM_STATE)
VALUES (51, 1, 5, 3, 1, 0);
INSERT INTO room (ID, ROOM_KIND_ID, PLACE_ID, COMPANY_ID, TOTAL_NUM, ROOM_STATE)
VALUES (52, 1, 5, 3, 1, 0);
INSERT INTO room (ID, ROOM_KIND_ID, PLACE_ID, COMPANY_ID, TOTAL_NUM, ROOM_STATE)
VALUES (53, 1, 5, 3, 1, 0);
INSERT INTO room (ID, ROOM_KIND_ID, PLACE_ID, COMPANY_ID, TOTAL_NUM, ROOM_STATE)
VALUES (54, 1, 5, 3, 1, 0);
INSERT INTO room (ID, ROOM_KIND_ID, PLACE_ID, COMPANY_ID, TOTAL_NUM, ROOM_STATE)
VALUES (55, 1, 5, 3, 1, 0);
INSERT INTO room (ID, ROOM_KIND_ID, PLACE_ID, COMPANY_ID, TOTAL_NUM, ROOM_STATE)
VALUES (56, 1, 5, 3, 1, 0);
INSERT INTO room (ID, ROOM_KIND_ID, PLACE_ID, COMPANY_ID, TOTAL_NUM, ROOM_STATE)
VALUES (57, 1, 5, 3, 1, 0);
INSERT INTO room (ID, ROOM_KIND_ID, PLACE_ID, COMPANY_ID, TOTAL_NUM, ROOM_STATE)
VALUES (58, 1, 5, 3, 1, 0);
INSERT INTO room (ID, ROOM_KIND_ID, PLACE_ID, COMPANY_ID, TOTAL_NUM, ROOM_STATE)
VALUES (59, 2, 5, 3, 4, 0);
INSERT INTO room (ID, ROOM_KIND_ID, PLACE_ID, COMPANY_ID, TOTAL_NUM, ROOM_STATE)
VALUES (60, 2, 5, 3, 4, 0);
INSERT INTO room (ID, ROOM_KIND_ID, PLACE_ID, COMPANY_ID, TOTAL_NUM, ROOM_STATE)
VALUES (61, 2, 5, 3, 4, 0);
INSERT INTO room (ID, ROOM_KIND_ID, PLACE_ID, COMPANY_ID, TOTAL_NUM, ROOM_STATE)
VALUES (62, 3, 5, 3, 6, 0);
INSERT INTO room (ID, ROOM_KIND_ID, PLACE_ID, COMPANY_ID, TOTAL_NUM, ROOM_STATE)
VALUES (63, 3, 5, 3, 6, 0);
INSERT INTO room (ID, ROOM_KIND_ID, PLACE_ID, COMPANY_ID, TOTAL_NUM, ROOM_STATE)
VALUES (64, 4, 5, 3, 10, 0);
INSERT INTO room (ID, ROOM_KIND_ID, PLACE_ID, COMPANY_ID, TOTAL_NUM, ROOM_STATE)
VALUES (65, 5, 5, 3, 20, 0);
INSERT INTO room (ID, ROOM_KIND_ID, PLACE_ID, COMPANY_ID, TOTAL_NUM, ROOM_STATE)
VALUES (66, 5, 5, 3, 20, 0);
INSERT INTO room (ID, ROOM_KIND_ID, PLACE_ID, COMPANY_ID, TOTAL_NUM, ROOM_STATE)
VALUES (67, 6, 5, 3, 20, 0);
INSERT INTO room (ID, ROOM_KIND_ID, PLACE_ID, COMPANY_ID, TOTAL_NUM, ROOM_STATE)
VALUES (68, 6, 5, 3, 20, 0);
INSERT INTO room (ID, ROOM_KIND_ID, PLACE_ID, COMPANY_ID, TOTAL_NUM, ROOM_STATE)
VALUES (69, 7, 5, 3, 40, 0);
INSERT INTO room (ID, ROOM_KIND_ID, PLACE_ID, COMPANY_ID, TOTAL_NUM, ROOM_STATE)
VALUES (70, 7, 5, 3, 40, 0);
INSERT INTO room (ID, ROOM_KIND_ID, PLACE_ID, COMPANY_ID, TOTAL_NUM, ROOM_STATE)
VALUES (71, 7, 5, 3, 40, 0);
INSERT INTO room (ID, ROOM_KIND_ID, PLACE_ID, COMPANY_ID, TOTAL_NUM, ROOM_STATE)
VALUES (72, 7, 5, 3, 40, 0);
INSERT INTO room (ID, ROOM_KIND_ID, PLACE_ID, COMPANY_ID, TOTAL_NUM, ROOM_STATE)
VALUES (73, 8, 5, 3, 70, 0);
INSERT INTO room (ID, ROOM_KIND_ID, PLACE_ID, COMPANY_ID, TOTAL_NUM, ROOM_STATE)
VALUES (74, 8, 5, 3, 70, 0);
INSERT INTO room (ID, ROOM_KIND_ID, PLACE_ID, COMPANY_ID, TOTAL_NUM, ROOM_STATE)
VALUES (75, 8, 5, 3, 70, 0);
INSERT INTO room (ID, ROOM_KIND_ID, PLACE_ID, COMPANY_ID, TOTAL_NUM, ROOM_STATE)
VALUES (76, 9, 5, 3, 100, 0);
INSERT INTO room (ID, ROOM_KIND_ID, PLACE_ID, COMPANY_ID, TOTAL_NUM, ROOM_STATE)
VALUES (77, 9, 5, 3, 100, 0);
INSERT INTO room (ID, ROOM_KIND_ID, PLACE_ID, COMPANY_ID, TOTAL_NUM, ROOM_STATE)
VALUES (78, 1, 6, 3, 1, 0);
INSERT INTO room (ID, ROOM_KIND_ID, PLACE_ID, COMPANY_ID, TOTAL_NUM, ROOM_STATE)
VALUES (79, 1, 6, 3, 1, 0);
INSERT INTO room (ID, ROOM_KIND_ID, PLACE_ID, COMPANY_ID, TOTAL_NUM, ROOM_STATE)
VALUES (80, 2, 6, 3, 4, 0);
INSERT INTO room (ID, ROOM_KIND_ID, PLACE_ID, COMPANY_ID, TOTAL_NUM, ROOM_STATE)
VALUES (81, 2, 6, 3, 4, 0);
INSERT INTO room (ID, ROOM_KIND_ID, PLACE_ID, COMPANY_ID, TOTAL_NUM, ROOM_STATE)
VALUES (82, 3, 6, 3, 6, 0);
INSERT INTO room (ID, ROOM_KIND_ID, PLACE_ID, COMPANY_ID, TOTAL_NUM, ROOM_STATE)
VALUES (83, 3, 6, 3, 6, 0);
INSERT INTO room (ID, ROOM_KIND_ID, PLACE_ID, COMPANY_ID, TOTAL_NUM, ROOM_STATE)
VALUES (84, 4, 6, 3, 10, 0);
INSERT INTO room (ID, ROOM_KIND_ID, PLACE_ID, COMPANY_ID, TOTAL_NUM, ROOM_STATE)
VALUES (85, 4, 6, 3, 10, 0);
INSERT INTO room (ID, ROOM_KIND_ID, PLACE_ID, COMPANY_ID, TOTAL_NUM, ROOM_STATE)
VALUES (86, 5, 6, 3, 20, 0);
INSERT INTO room (ID, ROOM_KIND_ID, PLACE_ID, COMPANY_ID, TOTAL_NUM, ROOM_STATE)
VALUES (87, 5, 6, 3, 20, 0);
INSERT INTO room (ID, ROOM_KIND_ID, PLACE_ID, COMPANY_ID, TOTAL_NUM, ROOM_STATE)
VALUES (88, 6, 6, 3, 20, 0);
INSERT INTO room (ID, ROOM_KIND_ID, PLACE_ID, COMPANY_ID, TOTAL_NUM, ROOM_STATE)
VALUES (89, 6, 6, 3, 20, 0);
INSERT INTO room (ID, ROOM_KIND_ID, PLACE_ID, COMPANY_ID, TOTAL_NUM, ROOM_STATE)
VALUES (90, 7, 6, 3, 40, 0);
INSERT INTO room (ID, ROOM_KIND_ID, PLACE_ID, COMPANY_ID, TOTAL_NUM, ROOM_STATE)
VALUES (91, 7, 6, 3, 40, 0);
INSERT INTO room (ID, ROOM_KIND_ID, PLACE_ID, COMPANY_ID, TOTAL_NUM, ROOM_STATE)
VALUES (92, 8, 6, 3, 70, 0);
INSERT INTO room (ID, ROOM_KIND_ID, PLACE_ID, COMPANY_ID, TOTAL_NUM, ROOM_STATE)
VALUES (93, 8, 6, 3, 70, 0);
INSERT INTO room (ID, ROOM_KIND_ID, PLACE_ID, COMPANY_ID, TOTAL_NUM, ROOM_STATE)
VALUES (94, 9, 6, 3, 100, 0);
INSERT INTO room (ID, ROOM_KIND_ID, PLACE_ID, COMPANY_ID, TOTAL_NUM, ROOM_STATE)
VALUES (95, 9, 6, 3, 100, 0);
INSERT INTO room (ID, ROOM_KIND_ID, PLACE_ID, COMPANY_ID, TOTAL_NUM, ROOM_STATE)
VALUES (96, 1, 7, 4, 1, 0);
INSERT INTO room (ID, ROOM_KIND_ID, PLACE_ID, COMPANY_ID, TOTAL_NUM, ROOM_STATE)
VALUES (97, 1, 7, 4, 1, 0);
INSERT INTO room (ID, ROOM_KIND_ID, PLACE_ID, COMPANY_ID, TOTAL_NUM, ROOM_STATE)
VALUES (98, 2, 7, 4, 4, 0);
INSERT INTO room (ID, ROOM_KIND_ID, PLACE_ID, COMPANY_ID, TOTAL_NUM, ROOM_STATE)
VALUES (99, 3, 7, 4, 6, 0);
INSERT INTO room (ID, ROOM_KIND_ID, PLACE_ID, COMPANY_ID, TOTAL_NUM, ROOM_STATE)
VALUES (100, 3, 7, 4, 6, 0);
INSERT INTO room (ID, ROOM_KIND_ID, PLACE_ID, COMPANY_ID, TOTAL_NUM, ROOM_STATE)
VALUES (101, 4, 7, 4, 10, 0);
INSERT INTO room (ID, ROOM_KIND_ID, PLACE_ID, COMPANY_ID, TOTAL_NUM, ROOM_STATE)
VALUES (102, 5, 7, 4, 20, 0);
INSERT INTO room (ID, ROOM_KIND_ID, PLACE_ID, COMPANY_ID, TOTAL_NUM, ROOM_STATE)
VALUES (103, 5, 7, 4, 20, 0);
INSERT INTO room (ID, ROOM_KIND_ID, PLACE_ID, COMPANY_ID, TOTAL_NUM, ROOM_STATE)
VALUES (104, 6, 7, 4, 20, 0);
INSERT INTO room (ID, ROOM_KIND_ID, PLACE_ID, COMPANY_ID, TOTAL_NUM, ROOM_STATE)
VALUES (105, 7, 7, 4, 40, 0);
INSERT INTO room (ID, ROOM_KIND_ID, PLACE_ID, COMPANY_ID, TOTAL_NUM, ROOM_STATE)
VALUES (106, 7, 7, 4, 40, 0);
INSERT INTO room (ID, ROOM_KIND_ID, PLACE_ID, COMPANY_ID, TOTAL_NUM, ROOM_STATE)
VALUES (107, 8, 7, 4, 70, 0);
INSERT INTO room (ID, ROOM_KIND_ID, PLACE_ID, COMPANY_ID, TOTAL_NUM, ROOM_STATE)
VALUES (108, 9, 7, 4, 100, 0);
INSERT INTO room (ID, ROOM_KIND_ID, PLACE_ID, COMPANY_ID, TOTAL_NUM, ROOM_STATE)
VALUES (109, 9, 7, 4, 100, 0);
INSERT INTO room (ID, ROOM_KIND_ID, PLACE_ID, COMPANY_ID, TOTAL_NUM, ROOM_STATE)
VALUES (110, 1, 8, 4, 1, 0);
INSERT INTO room (ID, ROOM_KIND_ID, PLACE_ID, COMPANY_ID, TOTAL_NUM, ROOM_STATE)
VALUES (111, 1, 8, 4, 1, 0);
INSERT INTO room (ID, ROOM_KIND_ID, PLACE_ID, COMPANY_ID, TOTAL_NUM, ROOM_STATE)
VALUES (112, 2, 8, 4, 4, 0);
INSERT INTO room (ID, ROOM_KIND_ID, PLACE_ID, COMPANY_ID, TOTAL_NUM, ROOM_STATE)
VALUES (113, 2, 8, 4, 4, 0);
INSERT INTO room (ID, ROOM_KIND_ID, PLACE_ID, COMPANY_ID, TOTAL_NUM, ROOM_STATE)
VALUES (114, 3, 8, 4, 6, 0);
INSERT INTO room (ID, ROOM_KIND_ID, PLACE_ID, COMPANY_ID, TOTAL_NUM, ROOM_STATE)
VALUES (115, 3, 8, 4, 6, 0);
INSERT INTO room (ID, ROOM_KIND_ID, PLACE_ID, COMPANY_ID, TOTAL_NUM, ROOM_STATE)
VALUES (116, 4, 8, 4, 10, 0);
INSERT INTO room (ID, ROOM_KIND_ID, PLACE_ID, COMPANY_ID, TOTAL_NUM, ROOM_STATE)
VALUES (117, 4, 8, 4, 10, 0);
INSERT INTO room (ID, ROOM_KIND_ID, PLACE_ID, COMPANY_ID, TOTAL_NUM, ROOM_STATE)
VALUES (118, 5, 8, 4, 20, 0);
INSERT INTO room (ID, ROOM_KIND_ID, PLACE_ID, COMPANY_ID, TOTAL_NUM, ROOM_STATE)
VALUES (119, 5, 8, 4, 20, 0);
INSERT INTO room (ID, ROOM_KIND_ID, PLACE_ID, COMPANY_ID, TOTAL_NUM, ROOM_STATE)
VALUES (120, 6, 8, 4, 20, 0);
INSERT INTO room (ID, ROOM_KIND_ID, PLACE_ID, COMPANY_ID, TOTAL_NUM, ROOM_STATE)
VALUES (121, 6, 8, 4, 20, 0);
INSERT INTO room (ID, ROOM_KIND_ID, PLACE_ID, COMPANY_ID, TOTAL_NUM, ROOM_STATE)
VALUES (122, 7, 8, 4, 40, 0);
INSERT INTO room (ID, ROOM_KIND_ID, PLACE_ID, COMPANY_ID, TOTAL_NUM, ROOM_STATE)
VALUES (123, 7, 8, 4, 40, 0);
INSERT INTO room (ID, ROOM_KIND_ID, PLACE_ID, COMPANY_ID, TOTAL_NUM, ROOM_STATE)
VALUES (124, 8, 8, 4, 70, 0);
INSERT INTO room (ID, ROOM_KIND_ID, PLACE_ID, COMPANY_ID, TOTAL_NUM, ROOM_STATE)
VALUES (125, 8, 8, 4, 70, 0);
INSERT INTO room (ID, ROOM_KIND_ID, PLACE_ID, COMPANY_ID, TOTAL_NUM, ROOM_STATE)
VALUES (126, 9, 8, 4, 100, 0);
INSERT INTO room (ID, ROOM_KIND_ID, PLACE_ID, COMPANY_ID, TOTAL_NUM, ROOM_STATE)
VALUES (127, 9, 8, 4, 100, 0);
INSERT INTO room (ID, ROOM_KIND_ID, PLACE_ID, COMPANY_ID, TOTAL_NUM, ROOM_STATE)
VALUES (128, 1, 9, 5, 1, 0);
INSERT INTO room (ID, ROOM_KIND_ID, PLACE_ID, COMPANY_ID, TOTAL_NUM, ROOM_STATE)
VALUES (129, 2, 9, 5, 4, 0);
INSERT INTO room (ID, ROOM_KIND_ID, PLACE_ID, COMPANY_ID, TOTAL_NUM, ROOM_STATE)
VALUES (130, 3, 9, 5, 6, 0);
INSERT INTO room (ID, ROOM_KIND_ID, PLACE_ID, COMPANY_ID, TOTAL_NUM, ROOM_STATE)
VALUES (131, 4, 9, 5, 10, 0);
INSERT INTO room (ID, ROOM_KIND_ID, PLACE_ID, COMPANY_ID, TOTAL_NUM, ROOM_STATE)
VALUES (132, 5, 9, 5, 20, 0);
INSERT INTO room (ID, ROOM_KIND_ID, PLACE_ID, COMPANY_ID, TOTAL_NUM, ROOM_STATE)
VALUES (133, 6, 9, 5, 20, 0);
INSERT INTO room (ID, ROOM_KIND_ID, PLACE_ID, COMPANY_ID, TOTAL_NUM, ROOM_STATE)
VALUES (134, 7, 9, 5, 40, 0);
INSERT INTO room (ID, ROOM_KIND_ID, PLACE_ID, COMPANY_ID, TOTAL_NUM, ROOM_STATE)
VALUES (135, 8, 9, 5, 70, 0);
INSERT INTO room (ID, ROOM_KIND_ID, PLACE_ID, COMPANY_ID, TOTAL_NUM, ROOM_STATE)
VALUES (136, 9, 9, 5, 100, 0);
INSERT INTO room (ID, ROOM_KIND_ID, PLACE_ID, COMPANY_ID, TOTAL_NUM, ROOM_STATE)
VALUES (137, 1, 10, 6, 1, 0);
INSERT INTO room (ID, ROOM_KIND_ID, PLACE_ID, COMPANY_ID, TOTAL_NUM, ROOM_STATE)
VALUES (138, 1, 10, 6, 1, 0);
INSERT INTO room (ID, ROOM_KIND_ID, PLACE_ID, COMPANY_ID, TOTAL_NUM, ROOM_STATE)
VALUES (139, 2, 10, 6, 4, 0);
INSERT INTO room (ID, ROOM_KIND_ID, PLACE_ID, COMPANY_ID, TOTAL_NUM, ROOM_STATE)
VALUES (140, 2, 10, 6, 4, 0);
INSERT INTO room (ID, ROOM_KIND_ID, PLACE_ID, COMPANY_ID, TOTAL_NUM, ROOM_STATE)
VALUES (141, 3, 10, 6, 6, 0);
INSERT INTO room (ID, ROOM_KIND_ID, PLACE_ID, COMPANY_ID, TOTAL_NUM, ROOM_STATE)
VALUES (142, 3, 10, 6, 6, 0);
INSERT INTO room (ID, ROOM_KIND_ID, PLACE_ID, COMPANY_ID, TOTAL_NUM, ROOM_STATE)
VALUES (143, 4, 10, 6, 10, 0);
INSERT INTO room (ID, ROOM_KIND_ID, PLACE_ID, COMPANY_ID, TOTAL_NUM, ROOM_STATE)
VALUES (144, 4, 10, 6, 10, 0);
INSERT INTO room (ID, ROOM_KIND_ID, PLACE_ID, COMPANY_ID, TOTAL_NUM, ROOM_STATE)
VALUES (145, 6, 10, 6, 20, 0);
INSERT INTO room (ID, ROOM_KIND_ID, PLACE_ID, COMPANY_ID, TOTAL_NUM, ROOM_STATE)
VALUES (146, 7, 10, 6, 40, 0);
INSERT INTO room (ID, ROOM_KIND_ID, PLACE_ID, COMPANY_ID, TOTAL_NUM, ROOM_STATE)
VALUES (147, 8, 10, 6, 70, 0);
INSERT INTO room (ID, ROOM_KIND_ID, PLACE_ID, COMPANY_ID, TOTAL_NUM, ROOM_STATE)
VALUES (148, 2, 11, 6, 4, 0);
INSERT INTO room (ID, ROOM_KIND_ID, PLACE_ID, COMPANY_ID, TOTAL_NUM, ROOM_STATE)
VALUES (149, 2, 11, 6, 4, 0);
INSERT INTO room (ID, ROOM_KIND_ID, PLACE_ID, COMPANY_ID, TOTAL_NUM, ROOM_STATE)
VALUES (150, 2, 11, 6, 4, 0);
INSERT INTO room (ID, ROOM_KIND_ID, PLACE_ID, COMPANY_ID, TOTAL_NUM, ROOM_STATE)
VALUES (151, 3, 11, 6, 6, 0);
INSERT INTO room (ID, ROOM_KIND_ID, PLACE_ID, COMPANY_ID, TOTAL_NUM, ROOM_STATE)
VALUES (152, 3, 11, 6, 6, 0);
INSERT INTO room (ID, ROOM_KIND_ID, PLACE_ID, COMPANY_ID, TOTAL_NUM, ROOM_STATE)
VALUES (153, 3, 11, 6, 6, 0);
INSERT INTO room (ID, ROOM_KIND_ID, PLACE_ID, COMPANY_ID, TOTAL_NUM, ROOM_STATE)
VALUES (154, 4, 11, 6, 10, 0);
INSERT INTO room (ID, ROOM_KIND_ID, PLACE_ID, COMPANY_ID, TOTAL_NUM, ROOM_STATE)
VALUES (155, 4, 11, 6, 10, 0);
INSERT INTO room (ID, ROOM_KIND_ID, PLACE_ID, COMPANY_ID, TOTAL_NUM, ROOM_STATE)
VALUES (156, 6, 11, 6, 20, 0);
INSERT INTO room (ID, ROOM_KIND_ID, PLACE_ID, COMPANY_ID, TOTAL_NUM, ROOM_STATE)
VALUES (157, 7, 11, 6, 40, 0);
INSERT INTO room (ID, ROOM_KIND_ID, PLACE_ID, COMPANY_ID, TOTAL_NUM, ROOM_STATE)
VALUES (158, 1, 12, 7, 1, 0);
INSERT INTO room (ID, ROOM_KIND_ID, PLACE_ID, COMPANY_ID, TOTAL_NUM, ROOM_STATE)
VALUES (159, 1, 12, 7, 1, 0);
INSERT INTO room (ID, ROOM_KIND_ID, PLACE_ID, COMPANY_ID, TOTAL_NUM, ROOM_STATE)
VALUES (160, 1, 12, 7, 1, 0);
INSERT INTO room (ID, ROOM_KIND_ID, PLACE_ID, COMPANY_ID, TOTAL_NUM, ROOM_STATE)
VALUES (161, 2, 12, 7, 4, 0);
INSERT INTO room (ID, ROOM_KIND_ID, PLACE_ID, COMPANY_ID, TOTAL_NUM, ROOM_STATE)
VALUES (162, 2, 12, 7, 4, 0);
INSERT INTO room (ID, ROOM_KIND_ID, PLACE_ID, COMPANY_ID, TOTAL_NUM, ROOM_STATE)
VALUES (163, 3, 12, 7, 6, 0);
INSERT INTO room (ID, ROOM_KIND_ID, PLACE_ID, COMPANY_ID, TOTAL_NUM, ROOM_STATE)
VALUES (164, 6, 12, 7, 20, 0);
INSERT INTO room (ID, ROOM_KIND_ID, PLACE_ID, COMPANY_ID, TOTAL_NUM, ROOM_STATE)
VALUES (165, 7, 12, 7, 40, 0);
INSERT INTO room (ID, ROOM_KIND_ID, PLACE_ID, COMPANY_ID, TOTAL_NUM, ROOM_STATE)
VALUES (166, 1, 13, 8, 1, 0);
INSERT INTO room (ID, ROOM_KIND_ID, PLACE_ID, COMPANY_ID, TOTAL_NUM, ROOM_STATE)
VALUES (167, 1, 13, 8, 1, 0);
INSERT INTO room (ID, ROOM_KIND_ID, PLACE_ID, COMPANY_ID, TOTAL_NUM, ROOM_STATE)
VALUES (168, 1, 13, 8, 1, 0);
INSERT INTO room (ID, ROOM_KIND_ID, PLACE_ID, COMPANY_ID, TOTAL_NUM, ROOM_STATE)
VALUES (169, 1, 13, 8, 1, 0);
INSERT INTO room (ID, ROOM_KIND_ID, PLACE_ID, COMPANY_ID, TOTAL_NUM, ROOM_STATE)
VALUES (170, 2, 13, 8, 4, 0);
INSERT INTO room (ID, ROOM_KIND_ID, PLACE_ID, COMPANY_ID, TOTAL_NUM, ROOM_STATE)
VALUES (171, 2, 13, 8, 4, 0);
INSERT INTO room (ID, ROOM_KIND_ID, PLACE_ID, COMPANY_ID, TOTAL_NUM, ROOM_STATE)
VALUES (172, 3, 13, 8, 6, 0);
INSERT INTO room (ID, ROOM_KIND_ID, PLACE_ID, COMPANY_ID, TOTAL_NUM, ROOM_STATE)
VALUES (173, 7, 13, 8, 40, 0);
INSERT INTO room (ID, ROOM_KIND_ID, PLACE_ID, COMPANY_ID, TOTAL_NUM, ROOM_STATE)
VALUES (174, 8, 13, 8, 70, 0);
INSERT INTO room (ID, ROOM_KIND_ID, PLACE_ID, COMPANY_ID, TOTAL_NUM, ROOM_STATE)
VALUES (175, 1, 14, 9, 1, 0);
INSERT INTO room (ID, ROOM_KIND_ID, PLACE_ID, COMPANY_ID, TOTAL_NUM, ROOM_STATE)
VALUES (176, 1, 14, 9, 1, 0);
INSERT INTO room (ID, ROOM_KIND_ID, PLACE_ID, COMPANY_ID, TOTAL_NUM, ROOM_STATE)
VALUES (177, 2, 14, 9, 4, 0);
INSERT INTO room (ID, ROOM_KIND_ID, PLACE_ID, COMPANY_ID, TOTAL_NUM, ROOM_STATE)
VALUES (178, 2, 14, 9, 4, 0);
INSERT INTO room (ID, ROOM_KIND_ID, PLACE_ID, COMPANY_ID, TOTAL_NUM, ROOM_STATE)
VALUES (179, 3, 14, 9, 6, 0);
INSERT INTO room (ID, ROOM_KIND_ID, PLACE_ID, COMPANY_ID, TOTAL_NUM, ROOM_STATE)
VALUES (180, 3, 14, 9, 6, 0);
INSERT INTO room (ID, ROOM_KIND_ID, PLACE_ID, COMPANY_ID, TOTAL_NUM, ROOM_STATE)
VALUES (181, 4, 14, 9, 10, 0);
INSERT INTO room (ID, ROOM_KIND_ID, PLACE_ID, COMPANY_ID, TOTAL_NUM, ROOM_STATE)
VALUES (182, 4, 14, 9, 10, 0);
INSERT INTO room (ID, ROOM_KIND_ID, PLACE_ID, COMPANY_ID, TOTAL_NUM, ROOM_STATE)
VALUES (183, 5, 14, 9, 20, 0);
INSERT INTO room (ID, ROOM_KIND_ID, PLACE_ID, COMPANY_ID, TOTAL_NUM, ROOM_STATE)
VALUES (184, 5, 14, 9, 20, 0);
INSERT INTO room (ID, ROOM_KIND_ID, PLACE_ID, COMPANY_ID, TOTAL_NUM, ROOM_STATE)
VALUES (185, 6, 14, 9, 20, 0);
INSERT INTO room (ID, ROOM_KIND_ID, PLACE_ID, COMPANY_ID, TOTAL_NUM, ROOM_STATE)
VALUES (186, 6, 14, 9, 20, 0);
INSERT INTO room (ID, ROOM_KIND_ID, PLACE_ID, COMPANY_ID, TOTAL_NUM, ROOM_STATE)
VALUES (187, 7, 14, 9, 40, 0);
INSERT INTO room (ID, ROOM_KIND_ID, PLACE_ID, COMPANY_ID, TOTAL_NUM, ROOM_STATE)
VALUES (188, 7, 14, 9, 40, 0);
INSERT INTO room (ID, ROOM_KIND_ID, PLACE_ID, COMPANY_ID, TOTAL_NUM, ROOM_STATE)
VALUES (189, 8, 14, 9, 70, 0);
INSERT INTO room (ID, ROOM_KIND_ID, PLACE_ID, COMPANY_ID, TOTAL_NUM, ROOM_STATE)
VALUES (190, 8, 14, 9, 70, 0);
INSERT INTO room (ID, ROOM_KIND_ID, PLACE_ID, COMPANY_ID, TOTAL_NUM, ROOM_STATE)
VALUES (191, 1, 15, 10, 1, 0);
INSERT INTO room (ID, ROOM_KIND_ID, PLACE_ID, COMPANY_ID, TOTAL_NUM, ROOM_STATE)
VALUES (192, 1, 15, 10, 1, 0);
INSERT INTO room (ID, ROOM_KIND_ID, PLACE_ID, COMPANY_ID, TOTAL_NUM, ROOM_STATE)
VALUES (193, 1, 15, 10, 1, 0);
INSERT INTO room (ID, ROOM_KIND_ID, PLACE_ID, COMPANY_ID, TOTAL_NUM, ROOM_STATE)
VALUES (194, 2, 15, 10, 4, 0);
INSERT INTO room (ID, ROOM_KIND_ID, PLACE_ID, COMPANY_ID, TOTAL_NUM, ROOM_STATE)
VALUES (195, 2, 15, 10, 4, 0);
INSERT INTO room (ID, ROOM_KIND_ID, PLACE_ID, COMPANY_ID, TOTAL_NUM, ROOM_STATE)
VALUES (196, 2, 15, 10, 4, 0);
INSERT INTO room (ID, ROOM_KIND_ID, PLACE_ID, COMPANY_ID, TOTAL_NUM, ROOM_STATE)
VALUES (197, 3, 15, 10, 6, 0);
INSERT INTO room (ID, ROOM_KIND_ID, PLACE_ID, COMPANY_ID, TOTAL_NUM, ROOM_STATE)
VALUES (198, 3, 15, 10, 6, 0);
INSERT INTO room (ID, ROOM_KIND_ID, PLACE_ID, COMPANY_ID, TOTAL_NUM, ROOM_STATE)
VALUES (199, 3, 15, 10, 6, 0);
INSERT INTO room (ID, ROOM_KIND_ID, PLACE_ID, COMPANY_ID, TOTAL_NUM, ROOM_STATE)
VALUES (200, 4, 15, 10, 10, 0);
INSERT INTO room (ID, ROOM_KIND_ID, PLACE_ID, COMPANY_ID, TOTAL_NUM, ROOM_STATE)
VALUES (201, 4, 15, 10, 10, 0);
INSERT INTO room (ID, ROOM_KIND_ID, PLACE_ID, COMPANY_ID, TOTAL_NUM, ROOM_STATE)
VALUES (202, 5, 15, 10, 20, 0);
INSERT INTO room (ID, ROOM_KIND_ID, PLACE_ID, COMPANY_ID, TOTAL_NUM, ROOM_STATE)
VALUES (203, 5, 15, 10, 20, 0);
INSERT INTO room (ID, ROOM_KIND_ID, PLACE_ID, COMPANY_ID, TOTAL_NUM, ROOM_STATE)
VALUES (204, 6, 15, 10, 20, 0);
INSERT INTO room (ID, ROOM_KIND_ID, PLACE_ID, COMPANY_ID, TOTAL_NUM, ROOM_STATE)
VALUES (205, 6, 15, 10, 20, 0);
INSERT INTO room (ID, ROOM_KIND_ID, PLACE_ID, COMPANY_ID, TOTAL_NUM, ROOM_STATE)
VALUES (206, 7, 15, 10, 40, 0);
INSERT INTO room (ID, ROOM_KIND_ID, PLACE_ID, COMPANY_ID, TOTAL_NUM, ROOM_STATE)
VALUES (207, 8, 15, 10, 70, 0);
INSERT INTO room (ID, ROOM_KIND_ID, PLACE_ID, COMPANY_ID, TOTAL_NUM, ROOM_STATE)
VALUES (208, 9, 15, 10, 100, 0);
INSERT INTO room (ID, ROOM_KIND_ID, PLACE_ID, COMPANY_ID, TOTAL_NUM, ROOM_STATE)
VALUES (209, 1, 16, 11, 1, 0);
INSERT INTO room (ID, ROOM_KIND_ID, PLACE_ID, COMPANY_ID, TOTAL_NUM, ROOM_STATE)
VALUES (210, 1, 16, 11, 1, 0);
INSERT INTO room (ID, ROOM_KIND_ID, PLACE_ID, COMPANY_ID, TOTAL_NUM, ROOM_STATE)
VALUES (211, 1, 16, 11, 1, 0);
INSERT INTO room (ID, ROOM_KIND_ID, PLACE_ID, COMPANY_ID, TOTAL_NUM, ROOM_STATE)
VALUES (212, 2, 16, 11, 4, 0);
INSERT INTO room (ID, ROOM_KIND_ID, PLACE_ID, COMPANY_ID, TOTAL_NUM, ROOM_STATE)
VALUES (213, 2, 16, 11, 4, 0);
INSERT INTO room (ID, ROOM_KIND_ID, PLACE_ID, COMPANY_ID, TOTAL_NUM, ROOM_STATE)
VALUES (214, 3, 16, 11, 6, 0);
INSERT INTO room (ID, ROOM_KIND_ID, PLACE_ID, COMPANY_ID, TOTAL_NUM, ROOM_STATE)
VALUES (215, 4, 16, 11, 10, 0);
INSERT INTO room (ID, ROOM_KIND_ID, PLACE_ID, COMPANY_ID, TOTAL_NUM, ROOM_STATE)
VALUES (216, 5, 16, 11, 20, 0);
INSERT INTO room (ID, ROOM_KIND_ID, PLACE_ID, COMPANY_ID, TOTAL_NUM, ROOM_STATE)
VALUES (217, 5, 16, 11, 20, 0);
INSERT INTO room (ID, ROOM_KIND_ID, PLACE_ID, COMPANY_ID, TOTAL_NUM, ROOM_STATE)
VALUES (218, 6, 16, 11, 20, 0);
INSERT INTO room (ID, ROOM_KIND_ID, PLACE_ID, COMPANY_ID, TOTAL_NUM, ROOM_STATE)
VALUES (219, 6, 16, 11, 20, 0);
INSERT INTO room (ID, ROOM_KIND_ID, PLACE_ID, COMPANY_ID, TOTAL_NUM, ROOM_STATE)
VALUES (220, 6, 16, 11, 20, 0);
INSERT INTO room (ID, ROOM_KIND_ID, PLACE_ID, COMPANY_ID, TOTAL_NUM, ROOM_STATE)
VALUES (221, 7, 16, 11, 40, 0);
INSERT INTO room (ID, ROOM_KIND_ID, PLACE_ID, COMPANY_ID, TOTAL_NUM, ROOM_STATE)
VALUES (222, 7, 16, 11, 40, 0);
INSERT INTO room (ID, ROOM_KIND_ID, PLACE_ID, COMPANY_ID, TOTAL_NUM, ROOM_STATE)
VALUES (223, 8, 16, 11, 70, 0);
INSERT INTO room (ID, ROOM_KIND_ID, PLACE_ID, COMPANY_ID, TOTAL_NUM, ROOM_STATE)
VALUES (224, 8, 16, 11, 70, 0);
INSERT INTO room (ID, ROOM_KIND_ID, PLACE_ID, COMPANY_ID, TOTAL_NUM, ROOM_STATE)
VALUES (225, 9, 16, 11, 100, 0);
INSERT INTO room (ID, ROOM_KIND_ID, PLACE_ID, COMPANY_ID, TOTAL_NUM, ROOM_STATE)
VALUES (226, 9, 16, 11, 100, 0);
INSERT INTO room (ID, ROOM_KIND_ID, PLACE_ID, COMPANY_ID, TOTAL_NUM, ROOM_STATE)
VALUES (235, 1, 20, 12, 1, 0);
INSERT INTO room (ID, ROOM_KIND_ID, PLACE_ID, COMPANY_ID, TOTAL_NUM, ROOM_STATE)
VALUES (236, 2, 20, 12, 4, 0);
INSERT INTO room (ID, ROOM_KIND_ID, PLACE_ID, COMPANY_ID, TOTAL_NUM, ROOM_STATE)
VALUES (237, 3, 20, 12, 6, 0);
INSERT INTO room (ID, ROOM_KIND_ID, PLACE_ID, COMPANY_ID, TOTAL_NUM, ROOM_STATE)
VALUES (238, 4, 20, 12, 10, 0);

INSERT INTO reservation (ID, PLACE_ID, USER_ID, ROOM_ID, ROOM_KIND_ID, RES_STARTDATE, RES_STARTTIME, RES_ENDDATE,
                         RES_ENDTIME)
VALUES (1, 1, 1, 1, 1, '2022-11-16', '09:00:00', '2022-11-16', '12:00:00');
INSERT INTO reservation (ID, PLACE_ID, USER_ID, ROOM_ID, ROOM_KIND_ID, RES_STARTDATE, RES_STARTTIME, RES_ENDDATE,
                         RES_ENDTIME)
VALUES (2, 1, 1, 1, 1, '2022-11-16', '16:00:00', '2022-11-16', '17:00:00');
INSERT INTO reservation (ID, PLACE_ID, USER_ID, ROOM_ID, ROOM_KIND_ID, RES_STARTDATE, RES_STARTTIME, RES_ENDDATE,
                         RES_ENDTIME)
VALUES (3, 1, 1, 7, 7, '2022-11-21', '13:00:00', '2022-11-21', '15:00:00');
INSERT INTO reservation (ID, PLACE_ID, USER_ID, ROOM_ID, ROOM_KIND_ID, RES_STARTDATE, RES_STARTTIME, RES_ENDDATE,
                         RES_ENDTIME)
VALUES (4, 5, 2, 64, 4, '2022-11-06', '08:00:00', '2022-11-06', '09:00:00');
INSERT INTO reservation (ID, PLACE_ID, USER_ID, ROOM_ID, ROOM_KIND_ID, RES_STARTDATE, RES_STARTTIME, RES_ENDDATE,
                         RES_ENDTIME)
VALUES (5, 5, 2, 64, 4, '2022-11-10', '08:00:00', '2022-11-10', '09:00:00');
INSERT INTO reservation (ID, PLACE_ID, USER_ID, ROOM_ID, ROOM_KIND_ID, RES_STARTDATE, RES_STARTTIME, RES_ENDDATE,
                         RES_ENDTIME)
VALUES (6, 5, 1, 49, 1, '2022-11-12', '08:00:00', '2022-11-12', '10:00:00');
INSERT INTO reservation (ID, PLACE_ID, USER_ID, ROOM_ID, ROOM_KIND_ID, RES_STARTDATE, RES_STARTTIME, RES_ENDDATE,
                         RES_ENDTIME)
VALUES (12, 3, 2, 28, 1, '2022-11-11', '14:00:00', '2022-11-11', '16:00:00');
INSERT INTO reservation (ID, PLACE_ID, USER_ID, ROOM_ID, ROOM_KIND_ID, RES_STARTDATE, RES_STARTTIME, RES_ENDDATE,
                         RES_ENDTIME)
VALUES (13, 3, 2, 28, 1, '2022-11-11', '11:00:00', '2022-11-11', '12:00:00');
INSERT INTO reservation (ID, PLACE_ID, USER_ID, ROOM_ID, ROOM_KIND_ID, RES_STARTDATE, RES_STARTTIME, RES_ENDDATE,
                         RES_ENDTIME)
VALUES (14, 4, 1, 42, 4, '2022-11-08', '11:00:00', '2022-11-08', '14:00:00');
INSERT INTO reservation (ID, PLACE_ID, USER_ID, ROOM_ID, ROOM_KIND_ID, RES_STARTDATE, RES_STARTTIME, RES_ENDDATE,
                         RES_ENDTIME)
VALUES (17, 3, 1, 32, 4, '2022-11-17', '11:00:00', '2022-11-17', '15:00:00');
INSERT INTO reservation (ID, PLACE_ID, USER_ID, ROOM_ID, ROOM_KIND_ID, RES_STARTDATE, RES_STARTTIME, RES_ENDDATE,
                         RES_ENDTIME)
VALUES (18, 7, 2, 96, 1, '2022-11-24', '07:00:00', '2022-11-24', '09:00:00');
INSERT INTO reservation (ID, PLACE_ID, USER_ID, ROOM_ID, ROOM_KIND_ID, RES_STARTDATE, RES_STARTTIME, RES_ENDDATE,
                         RES_ENDTIME)
VALUES (19, 1, 2, 1, 1, '2022-11-10', '10:00:00', '2022-11-10', '13:00:00');
INSERT INTO reservation (ID, PLACE_ID, USER_ID, ROOM_ID, ROOM_KIND_ID, RES_STARTDATE, RES_STARTTIME, RES_ENDDATE,
                         RES_ENDTIME)
VALUES (21, 1, 2, 7, 7, '2022-11-10', '08:00:00', '2022-11-10', '13:00:00');
INSERT INTO reservation (ID, PLACE_ID, USER_ID, ROOM_ID, ROOM_KIND_ID, RES_STARTDATE, RES_STARTTIME, RES_ENDDATE,
                         RES_ENDTIME)
VALUES (24, 1, 2, 7, 7, '2022-11-16', '09:00:00', '2022-11-16', '12:00:00');
INSERT INTO reservation (ID, PLACE_ID, USER_ID, ROOM_ID, ROOM_KIND_ID, RES_STARTDATE, RES_STARTTIME, RES_ENDDATE,
                         RES_ENDTIME)
VALUES (25, 2, 1, 12, 2, '2022-11-23', '10:00:00', '2022-11-23', '12:00:00');

INSERT INTO mileage (ID, POINT)
VALUES (1, 0);
INSERT INTO mileage (ID, POINT)
VALUES (2, 0);
INSERT INTO mileage (ID, POINT)
VALUES (5, 0);
INSERT INTO mileage (ID, POINT)
VALUES (10, 0);